name,x,y,type,v_nom
63_RUC_JCT,-118.436004,49.027013,63kV,63
63_BRA_ISS,-118.427409,49.026585,63kV,63
63_CHR_JCT,-118.211829,49.00848,63kV,63
63_CHR_DSS,-118.211829,49.00848,63kV,63
63_CSC_JCT,-117.825132,49.07772,63kV,63
63_CSC_DSS,-117.825132,49.07772,63kV,63
63_GFT_TSS,-118.473626,49.047464,63kV,63
63_WTS_TSS,-117.739672,49.105142,63kV,63
161_GFT_TSS,-118.473626,49.047464,161kV,161
161_ASM_TSS,-117.739544,49.096681,161kV,161
161_KET_DSS,-118.933942,49.048282,161kV,161
63_KCL_GSS,-117.515496,49.454146,63kV,63
63_SLC_GSS,-117.520976,49.455617,63kV,63
63_ESS_SWS,-117.732815,49.100779,63kV,63
63_WHS_TSS,-117.613121,49.006754,63kV,63
63_WAN_GSS,-117.612867,49.004147,63kV,63
63_BEP_DSS,-117.609035,49.070782,63kV,63
63_PAS_DSS,-117.649046,49.542055,63kV,63
63_VAL_DSS,-117.468079,49.759672,63kV,63
63_STY_DSS,-117.731925,49.102098,63kV,63
138_DGL_GSS,-122.151115,49.767168,138kV,138
138_SKK_GSS,-122.034803,49.711079,138kV,138
138_FRE_GSS,-122.234262,49.783235,138kV,138
138_KWL_TSS,-122.205792,49.75952,138kV,138
138_NWS_GSS,-122.449479,49.623065,138kV,138
138_UHT_DSS,-122.205199,49.759134,138kV,138
138_USR_GSS,-122.349614,49.566475,138kV,138
138_TPA_GSS,-122.162605,49.7411,138kV,138
138_BSV_GSS,-121.859106,49.693045,138kV,138
138_LMN_GSS,-122.344598,49.568962,138kV,138
138_BRE_GSS,-122.079928,49.704157,138kV,138
138_TRE_GSS,-121.971727,49.632313,138kV,138
138_TWY_GSS,-122.079864,49.704029,138kV,138
138_SHA_JCT,-123.595778,48.648354,138kV,138
138_GOW_DSS,-123.421097,48.490141,138kV,138
138_VIT_TSS,-123.716421,48.82734,138kV,138
138_SHA_DSS,-123.595778,48.648354,138kV,138
138_KSH_JCT,-123.711786,48.761223,138kV,138
138_KSH_DSS,-123.711786,48.761223,138kV,138
138_GTP_DSS,-123.359952,48.473831,138kV,138
138_SAL_JCT,-123.515739,48.857399,138kV,138
138_SAL_DSS,-123.515739,48.857399,138kV,138
138_ARN_DSS,-123.041678,49.092139,138kV,138
138_EBT_TSS,-123.089175,49.007877,138kV,138
138_TBY_TSS,-123.362111,48.905074,138kV,138
138_GLS_JCT,-123.361716,48.904479,138kV,138
138_MTG_TSS,-123.425594,48.893015,138kV,138
138_MBO_TSS,-123.452515,48.863395,138kV,138
138_GLS_DSS,-123.361716,48.904479,138kV,138
138_BOX_JCT,-123.394255,49.584845,138kV,138
138_GIB_DSS,-123.514089,49.40919,138kV,138
138_CKY_DSS,-123.160951,49.790166,138kV,138
138_WFR_JCT,-123.254708,49.667149,138kV,138
138_BOX_GSS,-123.394255,49.584845,138kV,138
138_WFR_DSS,-123.254708,49.667149,138kV,138
138_SEC_DSS,-123.752228,49.47671,138kV,138
138_FVW_JCT,-124.530304,49.861363,138kV,138
138_POW_DSS,-124.552253,49.877628,138kV,138
138_GPT_JCT,-124.514528,49.805372,138kV,138
138_SAY_DSS,-124.17721,49.7871,138kV,138
138_FVW_DSS,-124.530304,49.861363,138kV,138
138_GPT_DSS,-124.514528,49.805372,138kV,138
138_PHR_DSS,-123.9655,49.64008,138kV,138
138_MSA_DSS,-123.960396,49.668833,138kV,138
138_NIT_JCT,-123.715786,49.805758,138kV,138
138_NIT_GSS,-123.715786,49.805758,138kV,138
138_SKO_GSS,-122.995604,49.720838,138kV,138
138_BRK_DSS,-123.517237,49.751928,138kV,138
138_LCH_GSS,-123.397337,49.818207,138kV,138
138_COM_GSS,-123.532622,49.711246,138kV,138
138_BHL_GSS,-123.515924,49.748008,138kV,138
138_SCG_JCT,-123.54807,49.677482,138kV,138
138_UCH_GSS,-123.445498,49.85448,138kV,138
138_BHU_GSS,-123.572093,49.795389,138kV,138
138_SCG_GSS,-123.54807,49.677482,138kV,138
138_CCD_JCT,-121.054328,50.496319,138kV,138
138_LLD_ISS,-121.192835,50.557952,138kV,138
138_HLD_DSS,-120.807571,50.407364,138kV,138
138_HVC_JCT,-121.018601,50.470383,138kV,138
138_STL_DSS,-121.295479,50.557884,138kV,138
138_CCD_ISS,-121.054328,50.496319,138kV,138
138_HVC_ISS,-121.018601,50.470383,138kV,138
138_KCH_GSS,-121.567372,50.105418,138kV,138
138_BKB_JCT,-124.878651,49.547759,138kV,138
138_CMX_JCT,-124.968297,49.713669,138kV,138
138_OYR_JCT,-125.250716,49.902714,138kV,138
138_DMR_DSS,-124.671575,49.392836,138kV,138
138_JHT_GSS,-125.310392,50.042998,138kV,138
138_BKB_DSS,-124.878651,49.547759,138kV,138
138_CMX_DSS,-124.968297,49.713669,138kV,138
138_OYR_DSS,-125.250716,49.902714,138kV,138
138_CBL_JCT,-125.253671,50.020327,138kV,138
138_PUN_JCT,-125.034013,49.68724,138kV,138
138_CBL_DSS,-125.253671,50.020327,138kV,138
138_PUN_GSS,-125.034013,49.68724,138kV,138
138_ICG_JCT,-125.281878,50.06909,138kV,138
138_EFM_ISS,-125.280099,50.070844,138kV,138
138_ICG_GSS,-125.281878,50.06909,138kV,138
138_PAL_DSS,-124.810406,49.25063,138kV,138
138_HWW_DSS,-123.950849,49.122453,138kV,138
138_SWN_JCT,-123.908304,49.077789,138kV,138
138_PVO_DSS,-123.737845,48.823939,138kV,138
138_SWN_DSS,-123.908304,49.077789,138kV,138
138_JPT_DSS,-124.021431,49.171795,138kV,138
138_NFD_DSS,-123.997391,49.19075,138kV,138
138_HWD_JCT,-123.930726,49.134548,138kV,138
138_NEX_JCT,-123.866226,49.139261,138kV,138
138_HMC_ISS,-123.860753,49.135513,138kV,138
138_HWD_DSS,-123.930726,49.134548,138kV,138
138_NEX_ISS,-123.866226,49.139261,138kV,138
138_QLC_JCT,-124.439657,49.331332,138kV,138
138_LTZ_JCT,-124.074971,49.226638,138kV,138
138_PVL_JCT,-124.322478,49.302845,138kV,138
138_LTZ_DSS,-124.074971,49.226638,138kV,138
138_PVL_DSS,-124.322478,49.302845,138kV,138
138_QLC_DSS,-124.439657,49.331332,138kV,138
138_LDR_GSS,-125.390946,50.017035,138kV,138
138_SCA_GSS,-125.584548,49.997786,138kV,138
138_GLD_DSS,-126.064258,49.789185,138kV,138
138_LDY_JCT,-123.815206,48.983384,138kV,138
138_LDY_DSS,-123.815206,48.983384,138kV,138
138_KTS_TSS,-126.875338,50.519786,138kV,138
138_PML_JCT,-127.078809,50.572446,138kV,138
138_KGH_DSS,-127.291702,50.604167,138kV,138
138_PML_DSS,-127.078809,50.572446,138kV,138
138_GCL_DSS,-124.962048,49.317582,138kV,138
138_MRH_JCT,-127.431582,50.523425,138kV,138
138_JUL_DSS,-127.495281,50.440537,138kV,138
138_MRH_ISS,-127.431582,50.523425,138kV,138
138_CMH_JCT,-126.419183,49.800891,138kV,138
138_MBF_JCT,-126.460726,49.792171,138kV,138
138_TSV_DSS,-126.651101,49.92329,138kV,138
138_ZBT_TSS,-126.659707,49.923849,138kV,138
138_ZBL_GSS,-126.780072,50.053298,138kV,138
138_CMH_ISS,-126.419183,49.800891,138kV,138
138_MBF_ISS,-126.460726,49.792171,138kV,138
138_GRP_ISS,-126.125794,49.684001,138kV,138
138_PHY_DSS,-127.49836,50.713864,138kV,138
138_MHY_JCT,-123.886247,49.037555,138kV,138
138_MHY_DSS,-123.886247,49.037555,138kV,138
138_CFT_GSS,-123.650029,48.875707,138kV,138
138_CSS_GSS,-128.031932,50.771305,138kV,138
138_ASH_GSS,-125.150629,49.373363,138kV,138
138_JOR_GSS,-124.052642,48.429466,138kV,138
138_SOO_JCT,-123.698909,48.39095,138kV,138
138_CLD_DSS,-123.509949,48.441961,138kV,138
138_SOO_DSS,-123.698909,48.39095,138kV,138
138_BVC_JCT,-126.881714,50.520473,138kV,138
138_WOS_JCT,-126.594515,50.217612,138kV,138
138_BVC_DSS,-126.881714,50.520473,138kV,138
138_KKS_GSS,-126.8757,50.520247,138kV,138
138_WOS_DSS,-126.594515,50.217612,138kV,138
138_LU2_JCT,-119.014352,50.228009,138kV,138
138_TIL_JCT,-119.093948,50.232926,138kV,138
138_MON_DSS,-118.147711,49.920452,138kV,138
138_VNT_TSS,-119.22887,50.251765,138kV,138
138_LU2_ISS,-119.014352,50.228009,138kV,138
138_TIL_DSS,-119.093948,50.232926,138kV,138
138_SVA_DSS,-120.80052,50.754923,138kV,138
138_AFN_JCT,-120.499705,50.66193,138kV,138
138_TMT_JCT,-120.412978,50.663387,138kV,138
138_DUG_DSS,-120.312386,50.667347,138kV,138
138_AFN_ISS,-120.499705,50.66193,138kV,138
138_TMT_DSS,-120.412978,50.663387,138kV,138
138_WKA_DSS,-120.383898,50.673972,138kV,138
138_CHS_DSS,-119.705148,50.822393,138kV,138
138_STO_JCT,-119.461902,50.867666,138kV,138
138_LF2_JCT,-120.063122,50.660602,138kV,138
138_SAM_DSS,-119.251648,50.69157,138kV,138
138_VVW_DSS,-120.282704,50.680084,138kV,138
138_LF2_ISS,-120.063122,50.660602,138kV,138
138_BAR_JCT,-120.133696,51.199744,138kV,138
138_DFD_JCT,-120.177132,51.312812,138kV,138
138_BLP_JCT,-120.161423,51.566111,138kV,138
138_CLW_JCT,-120.034367,51.654471,138kV,138
138_BKL_DSS,-120.385272,50.708869,138kV,138
138_TOK_JCT,-120.272429,50.843145,138kV,138
138_VBY_JCT,-119.753658,51.590372,138kV,138
138_HFY_JCT,-120.267836,50.848695,138kV,138
138_TMM_JCT,-119.447283,51.676514,138kV,138
138_AVO_JCT,-119.326941,51.784162,138kV,138
138_AVO_DSS,-119.326941,51.784162,138kV,138
138_BAR_DSS,-120.133696,51.199744,138kV,138
138_BLP_DSS,-120.161423,51.566111,138kV,138
138_CLW_DSS,-120.034367,51.654471,138kV,138
138_DFD_DSS,-120.177132,51.312812,138kV,138
138_HFY_DSS,-120.267836,50.848695,138kV,138
138_TMM_DSS,-119.447283,51.676514,138kV,138
138_TOK_DSS,-120.272429,50.843145,138kV,138
138_VBY_DSS,-119.753658,51.590372,138kV,138
138_FPS_JCT,-119.3208,51.913607,138kV,138
138_BLU_JCT,-119.319039,52.117035,138kV,138
138_BET_DSS,-119.181219,52.256067,138kV,138
138_BLE_JCT,-119.306182,52.109612,138kV,138
138_BLE_DSS,-119.306182,52.109612,138kV,138
138_BLU_DSS,-119.319039,52.117035,138kV,138
138_FPS_DSS,-119.3208,51.913607,138kV,138
138_VLM_DSS,-119.281967,52.782441,138kV,138
138_REG_DSS,-119.348863,52.971165,138kV,138
138_ARM_DSS,-119.183626,50.448557,138kV,138
138_RVS_JCT,-119.227242,50.393977,138kV,138
138_END_JCT,-119.144683,50.560141,138kV,138
138_RVG_GSS,-119.227221,50.393909,138kV,138
138_END_DSS,-119.144683,50.560141,138kV,138
138_RVS_DSS,-119.227242,50.393977,138kV,138
138_KWD_JCT,-120.399903,50.68579,138kV,138
138_KWD_DSS,-120.399903,50.68579,138kV,138
138_ABA_JCT,-119.192804,52.660152,138kV,138
138_CPL_JCT,-119.176882,52.388424,138kV,138
138_ABA_DSS,-119.192804,52.660152,138kV,138
138_BNC_GSS,-119.181158,52.255604,138kV,138
138_CPL_DSS,-119.176882,52.388424,138kV,138
138_STM_JCT,-120.447101,50.325516,138kV,138
138_NIC_TSS,-120.389839,50.180236,138kV,138
138_STM_ISS,-120.447101,50.325516,138kV,138
138_BDM_JCT,-119.994568,49.870395,138kV,138
138_WBK_DSS,-119.619277,49.848423,138kV,138
138_PSW_JCT,-120.112522,49.913042,138kV,138
138_BDM_ISS,-119.994568,49.870395,138kV,138
138_PSW_GSS,-120.112522,49.913042,138kV,138
138_WGS_GSS,-118.071998,49.91072,138kV,138
138_MIG_GSS,-120.795714,50.097098,138kV,138
138_MRT_DSS,-120.773215,50.119315,138kV,138
138_CUM_JCT,-120.508894,49.345911,138kV,138
138_SCO_DSS,-120.551645,49.353063,138kV,138
138_KPS_JCT,-120.911715,49.933977,138kV,138
138_PRI_JCT,-120.501984,49.457266,138kV,138
138_CUM_DSS,-120.508894,49.345911,138kV,138
138_KPS_ISS,-120.911715,49.933977,138kV,138
138_BCK_ISS,-114.942938,50.247937,138kV,138
138_ABBC03_IPT,-114.2,50.247937,138kV,138
138_EFD_JCT,-114.925628,50.028575,138kV,138
138_GRH_JCT,-114.856124,50.059161,138kV,138
138_LCC_JCT,-114.850924,49.884134,138kV,138
138_NTL_DSS,-114.858257,49.735535,138kV,138
138_EFD_DSS,-114.925628,50.028575,138kV,138
138_FRO_ISS,-114.886013,50.196556,138kV,138
138_GRH_ISS,-114.856124,50.059161,138kV,138
138_LCC_ISS,-114.850924,49.884134,138kV,138
138_ABBC01_IPT,-114.6,49.735535,138kV,138
138_E15_JCT,-120.569205,55.880813,138kV,138
138_KIS_ISS,-120.560488,55.877658,138kV,138
138_E42_JCT,-120.528629,55.786875,138kV,138
138_E15_ISS,-120.569205,55.880813,138kV,138
138_E42_ISS,-120.528629,55.786875,138kV,138
138_BMT_DSS,-120.446507,55.763714,138kV,138
138_DAW_DSS,-120.264721,55.778877,138kV,138
138_CWD_DSS,-121.63062,55.702259,138kV,138
138_SLS_DSS,-121.351887,55.714085,138kV,138
138_TPW_ISS,-120.504799,55.640221,138kV,138
138_BMW_GSS,-120.426694,55.704384,138kV,138
138_NL5_JCT,-120.43237,55.414509,138kV,138
138_NL3_JCT,-120.356588,55.344119,138kV,138
138_NL2_ISS,-120.253925,55.278186,138kV,138
138_NL3_ISS,-120.356588,55.344119,138kV,138
138_NL5_ISS,-120.43237,55.414509,138kV,138
138_FNG_GSS,-122.693082,58.651699,138kV,138
138_WSP_DSS,-122.701609,58.724172,138kV,138
138_SGP_ISS,-120.579551,55.87508,138kV,138
138_KLC_JCT,-122.252556,58.627855,138kV,138
138_FNC_JCT,-120.067751,58.64525,138kV,138
138_ABBC04_IPT,-119.7,58.64525,138kV,138
138_FNC_ISS,-120.067751,58.64525,138kV,138
138_KLC_DSS,-122.252556,58.627855,138kV,138
138_SBK_DSS,-120.909356,56.180774,138kV,138
138_TAY_DSS,-120.720662,56.181793,138kV,138
138_GMS_GSS,-122.197188,56.013887,138kV,138
138_PPS_DSS,-122.090366,56.016369,138kV,138
138_FOX_JCT,-120.973982,56.678386,138kV,138
138_FJN_DSS,-120.819985,56.226627,138kV,138
138_PPS_JCT,-122.090366,56.016369,138kV,138
138_FOX_DSS,-120.973982,56.678386,138kV,138
138_MWN_JCT,-122.641038,54.428895,138kV,138
138_KDS_DSS,-122.788399,55.070415,138kV,138
138_SVY_DSS,-122.621031,54.144222,138kV,138
138_MWN_DSS,-122.641038,54.428895,138kV,138
138_MKZ_JCT,-123.140269,55.304413,138kV,138
138_TBN_JCT,-123.158501,55.295451,138kV,138
138_MFE_DSS,-123.112472,55.319491,138kV,138
138_FCC_ISS,-123.157173,55.291563,138kV,138
138_MKZ_ISS,-123.140269,55.304413,138kV,138
138_TBN_DSS,-123.158501,55.295451,138kV,138
138_SLO_JCT,-120.773206,56.238164,138kV,138
138_SLO_ISS,-120.773206,56.238164,138kV,138
138_PRS_JCT,-123.181066,55.336604,138kV,138
138_FFI_ISS,-123.166176,55.321408,138kV,138
138_PRS_DSS,-123.181066,55.336604,138kV,138
138_TXB_DSS,-120.138347,56.338013,138kV,138
138_NGL_JCT,-120.6669,56.148665,138kV,138
138_NGL_ISS,-120.6669,56.148665,138kV,138
138_FBC_DSS,-120.654479,56.143947,138kV,138
138_MCM_JCT,-120.671073,56.14633,138kV,138
138_MCM_GSS,-120.671073,56.14633,138kV,138
138_MGP_ISS,-120.667808,56.144677,138kV,138
138_DSN_JCT,-120.088081,55.887864,138kV,138
138_ET3_JCT,-120.650154,56.002866,138kV,138
138_PLD_JCT,-120.448684,55.910947,138kV,138
138_SEP_JCT,-120.874874,56.033714,138kV,138
138_DSN_ISS,-120.088081,55.887864,138kV,138
138_ET3_ISS,-120.650154,56.002866,138kV,138
138_PLD_DSS,-120.448684,55.910947,138kV,138
138_SEP_DSS,-120.874874,56.033714,138kV,138
138_AYH_DSS,-128.991873,55.280931,138kV,138
138_EWL_JCT,-129.115236,56.014668,138kV,138
138_MEZ_JCT,-129.382914,56.108431,138kV,138
138_LNT_DSS,-129.942502,56.004113,138kV,138
138_EWL_DSS,-129.115236,56.014668,138kV,138
138_MEZ_DSS,-129.382914,56.108431,138kV,138
138_BRN_JCT,-125.75919,54.240294,138kV,138
138_TPY_DSS,-126.293668,54.52048,138kV,138
138_GLN_DSS,-125.015718,54.074358,138kV,138
138_PBL_JCT,-125.450021,54.154288,138kV,138
138_BRN_DSS,-125.75919,54.240294,138kV,138
138_PBL_ISS,-125.450021,54.154288,138kV,138
138_TKW_DSS,-126.765503,54.515284,138kV,138
138_SRS_DSS,-122.499481,54.771328,138kV,138
138_SKA_DSS,-128.632826,54.45228,138kV,138
138_BAB_DSS,-126.20441,54.877863,138kV,138
138_HUS_DSS,-126.668508,54.392877,138kV,138
138_HFP_ISS,-126.712969,54.377637,138kV,138
138_HML_DSS,-127.166748,53.67734,138kV,138
138_HZN_DSS,-127.61631,55.242006,138kV,138
138_EQU_JCT,-126.623444,54.381674,138kV,138
138_NHS_ISS,-126.711132,54.383939,138kV,138
138_EQU_ISS,-126.623444,54.381674,138kV,138
138_WNR_JCT,-129.967992,55.952871,138kV,138
138_STW_DSS,-129.980589,55.947779,138kV,138
138_WNR_ISS,-129.967992,55.952871,138kV,138
138_LNL_GSS,-130.02793,56.058348,138kV,138
138_BJT_TSS,-130.030311,56.057963,138kV,138
138_KNG_ISS,-130.006777,56.400197,138kV,138
63_FRU_DSS,-117.540945,49.113139,63kV,63
63_HER_DSS,-117.490252,49.173467,63kV,63
63_GLM_DSS,-117.675065,49.093084,63kV,63
63_SLM_DSS,-117.276773,49.1936,63kV,63
63_LBO_GSS,-117.502686,49.462064,63kV,63
63_USS_SWS,-117.483272,49.46096,63kV,63
63_COR_GSS,-117.469414,49.4689,63kV,63
63_BSS_SWS,-117.619731,49.326299,63kV,63
63_TAR_DSS,-117.551725,49.392719,63kV,63
63_PLA_DSS,-117.533848,49.447295,63kV,63
63_BLB_JCT,-117.657426,49.250951,63kV,63
63_CAS_DSS,-117.659423,49.31011,63kV,63
63_OOT_DSS,-117.626652,49.289486,63kV,63
63_KRA_GSS,-117.72755,49.336056,63kV,63
63_WST_DSS,-117.738027,49.336884,63kV,63
63_BLB_DSS,-117.657426,49.250951,63kV,63
63_COT_DSS,-117.247544,49.427927,63kV,63
63_RSM_DSS,-117.302945,49.484547,63kV,63
63_MLS_DSS,-117.281941,49.492845,63kV,63
63_YMR_DSS,-117.225007,49.286782,63kV,63
63_UBO_GSS,-117.485128,49.460162,63kV,63
230_FCN_DSS,-123.034464,50.090404,230kV,230
230_RBW_JCT,-122.954513,50.13283,230kV,230
230_PEM_JCT,-122.804413,50.321893,230kV,230
230_BRT_TSS,-122.25233,50.72562,230kV,230
230_PEM_DSS,-122.804413,50.321893,230kV,230
230_RBW_DSS,-122.954513,50.13283,230kV,230
230_CKY_DSS,-123.160951,49.790166,230kV,230
230_RUT_JCT,-122.866516,50.272785,230kV,230
230_TIS_DSS,-122.859303,50.279475,230kV,230
230_RUT_GSS,-122.866516,50.272785,230kV,230
230_WLT_DSS,-123.026066,49.310017,230kV,230
230_HPN_DSS,-123.017942,49.266802,230kV,230
230_CAM_JCT,-123.063075,49.190898,230kV,230
230_KI2_DSS,-123.115357,49.198157,230kV,230
230_ING_DSS,-122.873948,49.158898,230kV,230
230_CAM_DSS,-123.063075,49.190898,230kV,230
230_SYH_JCT,-122.875167,49.136398,230kV,230
230_ARN_DSS,-123.041678,49.092139,230kV,230
230_SYH_DSS,-122.875167,49.136398,230kV,230
230_LYN_DSS,-123.044226,49.328014,230kV,230
230_BSY_TSS,-122.890825,49.299059,230kV,230
230_ASL_JCT,-123.324819,49.913835,230kV,230
230_CMS_GSS,-123.290985,49.933702,230kV,230
230_ASL_GSS,-123.324819,49.913835,230kV,230
230_CYP_DSS,-123.232133,49.356864,230kV,230
230_BR1_GSS,-122.240038,50.72985,230kV,230
230_CSQ_DSS,-123.115545,49.282561,230kV,230
230_MPT_DSS,-123.111687,49.265491,230kV,230
230_MDN_DSS,-122.806744,49.309694,230kV,230
230_WHY_DSS,-122.836612,49.190124,230kV,230
230_JMC_GSS,-124.025443,50.605203,230kV,230
230_ETR_GSS,-123.960276,50.675081,230kV,230
230_MTC_JCT,-124.187332,50.623136,230kV,230
230_PSY_TSS,-124.176334,49.787741,230kV,230
230_SAY_DSS,-124.17721,49.7871,230kV,230
230_MTC_GSS,-124.187332,50.623136,230kV,230
230_MUR_DSS,-123.101318,49.277984,230kV,230
230_COK_DSS,-122.797013,49.262255,230kV,230
230_HLT_TSS,-122.931629,49.236824,230kV,230
230_NEL_DSS,-122.96293,49.217765,230kV,230
230_BND_DSS,-122.900721,49.262113,230kV,230
230_BDH_JCT,-123.405928,50.635524,230kV,230
230_ULR_GSS,-123.446059,50.655463,230kV,230
230_BDH_GSS,-123.405928,50.635524,230kV,230
230_SPG_DSS,-123.152465,49.24967,230kV,230
230_CSN_DSS,-123.197669,49.249427,230kV,230
230_MSA_DSS,-123.960396,49.668833,230kV,230
230_HSP_ISS,-123.489978,49.523649,230kV,230
230_MAN_DSS,-123.079088,49.226829,230kV,230
230_STV_DSS,-123.146856,49.132579,230kV,230
230_KI1_DSS,-123.116046,49.205311,230kV,230
230_FLW_DSS,-122.787696,49.137377,230kV,230
230_MLN_DSS,-122.682448,49.098957,230kV,230
230_MLE_DSS,-122.391564,49.068673,230kV,230
230_CBN_DSS,-122.297098,49.069045,230kV,230
230_ALZ_DSS,-122.00932,49.113555,230kV,230
230_ROS_DSS,-121.775529,49.176415,230kV,230
230_KLY_DSS,-121.739126,51.024755,230kV,230
230_HMH_DSS,-121.28483,51.657461,230kV,230
230_SVA_DSS,-120.80052,50.754923,230kV,230
230_SCK_DSS,-122.21554,52.305565,230kV,230
230_RBF_DSS,-122.466134,52.979769,230kV,230
230_BLW_DSS,-122.429605,53.020438,230kV,230
230_WSN_DSS,-122.608969,53.85023,230kV,230
230_SVY_DSS,-122.621031,54.144222,230kV,230
230_MIN_DSS,-128.711247,54.033032,230kV,230
230_SKA_DSS,-128.632826,54.45228,230kV,230
287_MIN_DSS,-128.711247,54.033032,287kV,287
287_KTB_ISS,-128.692876,54.03059,287kV,287
287_SKA_DSS,-128.632826,54.45228,287kV,287
287_RUP_DSS,-130.231685,54.256795,287kV,287
287_BQN_DSS,-130.265553,56.940264,287kV,287
287_KIT_DSS,-128.703584,54.009539,287kV,287
287_EUR_ISS,-128.699764,54.04127,287kV,287
230_KTB_ISS,-128.692876,54.03059,230kV,230
230_NLY_DSS,-117.341514,49.006447,230kV,230
230_BCUS04_INT,-117.341514,48.9974,230kV,230
230_CBK_DSS,-115.580487,49.500543,230kV,230
230_NTL_DSS,-114.858257,49.735535,230kV,230
230_HWW_JCT,-123.950849,49.122453,230kV,230
230_DMR_DSS,-124.671575,49.392836,230kV,230
230_SAT_DSS,-123.800936,48.806831,230kV,230
230_HWW_DSS,-123.950849,49.122453,230kV,230
230_VIT_TSS,-123.716421,48.82734,230kV,230
230_PIK_DSS,-123.458141,48.490565,230kV,230
230_EBT_TSS,-123.089175,49.007877,230kV,230
230_TBY_TSS,-123.362111,48.905074,230kV,230
230_MBO_TSS,-123.452515,48.863395,230kV,230
230_MTG_TSS,-123.425594,48.893015,230kV,230
230_KTG_DSS,-123.412041,48.566978,230kV,230
230_GTP_DSS,-123.359952,48.473831,230kV,230
230_HSY_DSS,-123.366532,48.442601,230kV,230
230_ESQ_DSS,-123.443729,48.460636,230kV,230
230_GOW_DSS,-123.421097,48.490141,230kV,230
230_BNT_DSS,-123.443713,48.460626,230kV,230
230_GLD_DSS,-126.064258,49.789185,230kV,230
230_SEV_GSS,-117.504098,49.030161,230kV,230
230_SEL_TSS,-117.513304,49.059567,230kV,230
230_ACK_DSS,-118.993459,50.561355,230kV,230
230_SAM_DSS,-119.251648,50.69157,230kV,230
230_REV_GSS,-118.197088,51.049455,230kV,230
230_ILL_DSS,-118.204474,50.985679,230kV,230
230_VNT_TSS,-119.22887,50.251765,230kV,230
230_INV_DSS,-116.117825,50.495098,230kV,230
230_KHS_DSS,-116.994352,51.281768,230kV,230
230_NIC_TSS,-120.389839,50.180236,230kV,230
230_VVW_DSS,-120.282704,50.680084,230kV,230
230_AAL_JCT,-116.538169,49.140486,230kV,230
230_AAL_DSS,-116.538169,49.140486,230kV,230
230_KCL_GSS,-117.515496,49.454146,230kV,230
230_QRP_ISS,-122.496573,53.007161,230kV,230
230_GMS_GSS,-122.197188,56.013887,230kV,230
230_DKT_DSS,-122.149231,55.823041,230kV,230
230_SNK_DSS,-121.617935,55.502078,230kV,230
230_SLS_DSS,-121.351887,55.714085,230kV,230
230_MNK_JCT,-121.699384,55.38395,230kV,230
230_MKT_SWS,-121.394671,55.283632,230kV,230
230_KGP_JCT,-121.619395,55.50154,230kV,230
230_KGP_ISS,-121.619395,55.50154,230kV,230
230_MNK_ISS,-121.699384,55.38395,230kV,230
230_DKW_GSS,-122.226925,55.781694,230kV,230
230_TLR_DSS,-121.133945,55.148406,230kV,230
230_QTY_GSS,-120.854741,55.184336,230kV,230
230_KDS_DSS,-122.788399,55.070415,230kV,230
230_MML_DSS,-124.021906,55.109971,230kV,230
230_KMI_DSS,-126.75829,56.994182,230kV,230
230_BCR_ISS,-121.132619,55.147518,230kV,230
230_BLM_DSS,-121.468417,55.139244,230kV,230
230_MRC_JCT,-121.045361,55.002841,230kV,230
230_QNT_DSS,-120.998656,54.993365,230kV,230
230_MRC_ISS,-121.045361,55.002841,230kV,230
230_SGB_ISS,-121.139041,55.745537,230kV,230
230_BMT_DSS,-120.446507,55.763714,230kV,230
230_LAP_GSS,-121.565045,55.723487,230kV,230
230_MLW_JCT,-121.298571,55.285633,230kV,230
230_MLW_GSS,-121.298571,55.285633,230kV,230
230_MKL_GSS,-121.458035,55.28438,230kV,230
230_SRN_JCT,-121.0801,55.962771,230kV,230
230_SST_ISS,-120.784616,55.925333,230kV,230
230_SRN_ISS,-121.0801,55.962771,230kV,230
230_GLN_DSS,-125.015718,54.074358,230kV,230
230_TAC_DSS,-124.072755,54.000696,230kV,230
287_TAT_DSS,-129.98696,57.713043,287kV,287
287_RDC_ISS,-129.767309,57.733303,287kV,287
287_VOL_JCT,-130.597656,56.7293,287kV,287
287_FKR_GSS,-130.685908,56.711854,287kV,287
287_VOL_GSS,-130.597656,56.7293,287kV,287
287_SGB_ISS,-121.139041,55.745537,287kV,287
287_SBK_DSS,-120.909356,56.180774,287kV,287
63_COF_DSS,-116.911291,49.699302,63kV,63
63_AAL_DSS,-116.538169,49.140486,63kV,63
63_CRE_DSS,-116.507052,49.090567,63kV,63
63_CFD_DSS,-116.843028,49.684616,63kV,63
63_ASM_TSS,-117.739544,49.096681,63kV,63
63_KAS_DSS,-116.915728,49.905893,63kV,63
360_BRT_TSS,-122.25233,50.72562,360kV,360
360_SAC_JCT,-122.458518,49.992852,360kV,360
360_UHT_DSS,-122.205199,49.759134,360kV,360
360_SAC_DSS,-122.458518,49.992852,360kV,360
360_ROS_DSS,-121.775529,49.176415,360kV,360
360_WAH_GSS,-121.680559,49.236392,360kV,360
360_BR2_GSS,-122.240038,50.72985,360kV,360
360_BR1_GSS,-122.240038,50.72985,360kV,360
230_BEN_TSS,-119.530109,49.189206,230kV,230
230_VAS_TSS,-119.519618,49.25112,230kV,230
63_KAL2_DSS,-119.606329,49.393585,63kV,63
63_HUT_DSS,-119.597665,49.481405,63kV,63
63_OKF_DSS,-119.570533,49.337607,63kV,63
63_OLI_TSS,-119.535867,49.190117,63kV,63
138_HED_DSS,-120.077169,49.350113,138kV,138
138_MAS_ISS,-120.022661,49.369976,138kV,138
138_BCG_ISS,-120.144106,49.376368,138kV,138
138_KER_DSS,-119.828425,49.204088,138kV,138
138_BEN_TSS,-119.530109,49.189206,138kV,138
138_PRI_DSS,-120.501984,49.457266,138kV,138
63_PNE_DSS,-119.543449,49.17861,63kV,63
63_OSO_DSS,-119.468308,49.027821,63kV,63
63_RGA_TSS,-119.552286,49.480074,63kV,63
63_WES_DSS,-119.586929,49.500912,63kV,63
63_AWA_DSS,-119.580131,49.590106,63kV,63
138_LEE_TSS,-119.347162,49.906798,138kV,138
138_DUC_DSS,-119.385564,50.009945,138kV,138
63_WAT_DSS,-119.589084,49.46112,63kV,63
161_BEN_TSS,-119.530109,49.189206,161kV,161
63_WEB_DSS,-119.621609,49.508436,63kV,63
63_TRC_DSS,-119.658704,49.570816,63kV,63
63_SUM_DSS,-119.675686,49.600396,63kV,63
138_ELL_DSS,-119.387163,49.962668,138kV,138
138_SEX_DSS,-119.394379,49.918502,138kV,138
138_GLE_DSS,-119.453951,49.8858,138kV,138
138_REC_DSS,-119.488866,49.897235,138kV,138
138_SAU_DSS,-119.488029,49.882355,138kV,138
138_HOL_JCT,-119.398886,49.872795,138kV,138
138_OKM_DSS,-119.488885,49.855181,138kV,138
138_BEV_DSS,-119.453251,49.838535,138kV,138
138_BLK_DSS,-119.332017,49.869703,138kV,138
138_DGB_TSS,-119.446811,49.812052,138kV,138
138_HOL_DSS,-119.398886,49.872795,138kV,138
138_JRH_DSS,-119.276354,49.861203,138kV,138
138_BWS_DSS,-118.963595,49.7135,138kV,138
500_GMS_GSS,-122.197188,56.013887,500kV,500
500_WSN_DSS,-122.608969,53.85023,500kV,500
500_PCN_GSS,-121.996453,55.983879,500kV,500
500_KDS_DSS,-122.788399,55.070415,500kV,500
500_SBK_DSS,-120.909356,56.180774,500kV,500
500_KLY_DSS,-121.739126,51.024755,500kV,500
500_STC_GSS,-120.913554,56.189741,500kV,500
500_CCB_TSS,-124.203697,49.674146,500kV,500
500_TXE_TSS,-124.284302,49.630115,500kV,500
500_TIR_TSS,-124.331157,49.615792,500kV,500
500_MSA_DSS,-123.960396,49.668833,500kV,500
500_NCT_TSS,-124.643303,49.421647,500kV,500
500_DMR_DSS,-124.671575,49.392836,500kV,500
500_TXW_TSS,-124.358341,49.590208,500kV,500
500_CKY_DSS,-123.160951,49.790166,500kV,500
500_CBN_DSS,-122.297098,49.069045,500kV,500
500_ING_DSS,-122.873948,49.158898,500kV,500
500_KCH_GSS,-121.567372,50.105418,500kV,500
500_MDN_DSS,-122.806744,49.309694,500kV,500
500_BCUS01_INT,-122.873948,48.97,500kV,500
500_BCUS02_INT,-122.873948,48.97,500kV,500
500_GLN_DSS,-125.015718,54.074358,500kV,500
500_TKW_DSS,-126.765503,54.515284,500kV,500
500_SKA_DSS,-128.632826,54.45228,500kV,500
500_MCA_GSS,-118.570515,52.075872,500kV,500
500_NIC_TSS,-120.389839,50.180236,500kV,500
500_REV_GSS,-118.197088,51.049455,500kV,500
500_ACK_DSS,-118.993459,50.561355,500kV,500
500_SEL_TSS,-117.513304,49.059567,500kV,500
500_CBK_DSS,-115.580487,49.500543,500kV,500
500_ABBC02_IPT,-114.08,49.500543,500kV,500
500_VAS_TSS,-119.519618,49.25112,500kV,500
69_COK_DSS,-122.797013,49.262255,69kV,69
69_BND_DSS,-122.900721,49.262113,69kV,69
69_CQM_JCT,-122.775727,49.261316,69kV,69
69_MRG_JCT,-122.623415,49.220314,69kV,69
69_SFL_GSS,-122.353714,49.229992,69kV,69
69_CQM_DSS,-122.775727,49.261316,69kV,69
69_MRG_DSS,-122.623415,49.220314,69kV,69
69_HNY_DSS,-122.552201,49.22101,69kV,69
69_LB1_GSS,-122.868766,49.375225,69kV,69
69_PCP_ISS,-122.884923,49.278277,69kV,69
69_WTR_JCT,-122.955873,49.287532,69kV,69
69_SHL_DSS,-122.974009,49.282917,69kV,69
69_WTR_ISS,-122.955873,49.287532,69kV,69
69_IOC_ISS,-122.884519,49.307344,69kV,69
69_BAL_JCT,-122.579086,49.104227,69kV,69
69_RUS_GSS,-122.406403,49.194389,69kV,69
69_BAL_DSS,-122.579086,49.104227,69kV,69
69_MLN_DSS,-122.682448,49.098957,69kV,69
69_PKL_DSS,-122.630288,49.176575,69kV,69
69_GLT_JCT,-122.46868,49.109385,69kV,69
69_GLT_DSS,-122.46868,49.109385,69kV,69
69_BBR_DSS,-121.441516,49.861915,69kV,69
69_SZM_JCT,-121.410126,49.69821,69kV,69
69_BBR_JCT,-121.441516,49.861915,69kV,69
69_WAH_GSS,-121.680559,49.236392,69kV,69
69_WAH_JCT,-121.680559,49.236392,69kV,69
69_HOP_DSS,-121.428922,49.379607,69kV,69
69_KEN_DSS,-121.783499,49.247641,69kV,69
69_SZM_DSS,-121.410126,49.69821,69kV,69
69_SFU_JCT,-122.915292,49.275463,69kV,69
69_SFU_DSS,-122.915292,49.275463,69kV,69
69_MIS_JCT,-122.316807,49.140856,69kV,69
69_CBN_DSS,-122.297098,49.069045,69kV,69
69_MIS_DSS,-122.316807,49.140856,69kV,69
69_ALU_GSS,-122.312429,49.371009,69kV,69
69_SLK_JCT,-122.342085,49.288678,69kV,69
69_SLK_DSS,-122.342085,49.288678,69kV,69
69_SVD_DSS,-122.35727,49.140991,69kV,69
69_LB2_GSS,-122.873524,49.370567,69kV,69
69_PFD_JCT,-122.883398,49.227322,69kV,69
69_GSP_JCT,-122.891625,49.222176,69kV,69
69_GSP_DSS,-122.891625,49.222176,69kV,69
69_NRG_JCT,-122.863492,49.230014,69kV,69
69_NRG_ISS,-122.863492,49.230014,69kV,69
69_NWR_DSS,-122.915721,49.222013,69kV,69
69_IFM_ISS,-122.859637,49.230297,69kV,69
69_PFD_ISS,-122.883398,49.227322,69kV,69
69_ESC_JCT,-122.768649,49.255982,69kV,69
69_ESC_ISS,-122.768649,49.255982,69kV,69
69_PAV_JCT,-121.828051,50.882955,69kV,69
69_CRQ_DSS,-121.398841,50.88674,69kV,69
69_SON_GSS,-121.924596,50.673189,69kV,69
69_PAV_DSS,-121.828051,50.882955,69kV,69
69_WDN_JCT,-121.982648,50.659917,69kV,69
69_BR1_GSS,-122.240038,50.72985,69kV,69
69_WDN_GSS,-121.982648,50.659917,69kV,69
69_LAJ_GSS,-122.85589,50.83972,69kV,69
69_TXL_JCT,-122.742995,50.910235,69kV,69
69_TXL_DSS,-122.742995,50.910235,69kV,69
69_MUR_DSS,-123.101318,49.277984,69kV,69
69_SPG_DSS,-123.152465,49.24967,69kV,69
69_KI1_DSS,-123.116046,49.205311,69kV,69
69_GDK_DSS,-123.154689,49.23063,69kV,69
69_AFT_JCT,-121.282483,50.736544,69kV,69
69_SBR_DSS,-121.326081,50.427831,69kV,69
69_CCW_JCT,-121.313663,50.786925,69kV,69
69_AFT_DSS,-121.282483,50.736544,69kV,69
69_CCW_DSS,-121.313663,50.786925,69kV,69
69_ANN_JCT,-122.936335,49.174649,69kV,69
69_AWT_JCT,-122.946738,49.166563,69kV,69
69_DVM_JCT,-122.932578,49.177998,69kV,69
69_ING_DSS,-122.873948,49.158898,69kV,69
69_BBS_DSS,-122.992833,49.198719,69kV,69
69_TII_JCT,-122.957292,49.186127,69kV,69
69_QBS_JCT,-122.946414,49.189902,69kV,69
69_ANN_DSS,-122.936335,49.174649,69kV,69
69_AWT_ISS,-122.946738,49.166563,69kV,69
69_DVM_ISS,-122.932578,49.177998,69kV,69
69_QBS_DSS,-122.946414,49.189902,69kV,69
69_TII_DSS,-122.957292,49.186127,69kV,69
69_NAC_JCT,-122.968975,49.185505,69kV,69
69_SEE_GSS,-122.978774,49.186686,69kV,69
69_WCF_JCT,-123.107187,49.20641,69kV,69
69_NAC_ISS,-122.968975,49.185505,69kV,69
69_WCF_ISS,-123.107187,49.20641,69kV,69
69_SEA_DSS,-123.151418,49.187107,69kV,69
69_YVR_ISS,-123.151899,49.186968,69kV,69
69_NEL_DSS,-122.96293,49.217765,69kV,69
69_KI2_DSS,-123.115357,49.198157,69kV,69
69_BMP_JCT,-122.944692,49.24762,69kV,69
69_HPN_DSS,-123.017942,49.266802,69kV,69
69_LOH_JCT,-122.965483,49.260397,69kV,69
69_BMP_DSS,-122.944692,49.24762,69kV,69
69_LOH_DSS,-122.965483,49.260397,69kV,69
69_RSR_ISS,-123.088096,49.200881,69kV,69
69_LF1_ISS,-123.006735,49.158997,69kV,69
69_SEA_JCT,-123.151418,49.187107,69kV,69
69_RIM_DSS,-123.128787,49.163305,69kV,69
69_ALZ_DSS,-122.00932,49.113555,69kV,69
69_TMO_JCT,-122.158993,49.064571,69kV,69
69_SMW_JCT,-122.270083,49.031937,69kV,69
69_ABT_DSS,-122.29778,49.067847,69kV,69
69_SMW_DSS,-122.270083,49.031937,69kV,69
69_TMO_DSS,-122.158993,49.064571,69kV,69
69_DGR_DSS,-123.125248,49.28149,69kV,69
69_JME_GSS,-123.05682,50.82821,69kV,69
69_UNY_DSS,-123.244711,49.261211,69kV,69
69_CSN_DSS,-123.197669,49.249427,69kV,69
69_UNS_JCT,-123.228581,49.246474,69kV,69
69_UNS_DSS,-123.228581,49.246474,69kV,69
69_ARN_DSS,-123.041678,49.092139,69kV,69
69_TSW_JCT,-123.07503,49.036144,69kV,69
69_DPT_JCT,-123.156648,49.02138,69kV,69
69_DPT_DSS,-123.156648,49.02138,69kV,69
69_TSW_DSS,-123.07503,49.036144,69kV,69
69_WTL_ISS,-123.170164,49.019768,69kV,69
69_CAN_JCT,-123.023479,49.134136,69kV,69
69_LRP_JCT,-123.011861,49.143368,69kV,69
69_LNH_JCT,-123.020825,49.142422,69kV,69
69_TLB_JCT,-123.029437,49.139996,69kV,69
69_BCI_ISS,-123.004397,49.143356,69kV,69
69_CAN_ISS,-123.023479,49.134136,69kV,69
69_LNH_ISS,-123.020825,49.142422,69kV,69
69_LRP_ISS,-123.011861,49.143368,69kV,69
69_TLB_ISS,-123.029437,49.139996,69kV,69
69_BRB_JCT,-123.042154,49.305369,69kV,69
69_BRB_ISS,-123.042154,49.305369,69kV,69
69_NVR_DSS,-123.06461,49.309285,69kV,69
69_WLT_DSS,-123.026066,49.310017,69kV,69
69_LCS_JCT,-123.042114,49.305387,69kV,69
69_SWP_JCT,-123.053666,49.306837,69kV,69
69_LCS_ISS,-123.042114,49.305387,69kV,69
69_SWP_ISS,-123.053666,49.306837,69kV,69
69_JRI_JCT,-123.065636,49.305479,69kV,69
69_VDK_JCT,-123.075953,49.309249,69kV,69
69_VSD_JCT,-123.108461,49.313147,69kV,69
69_NOR_DSS,-123.135265,49.319653,69kV,69
69_JRI_DSS,-123.065636,49.305479,69kV,69
69_VDK_ISS,-123.075953,49.309249,69kV,69
69_VSD_ISS,-123.108461,49.313147,69kV,69
69_CAP_DSS,-123.108164,49.334823,69kV,69
69_HCT_JCT,-123.214265,49.346588,69kV,69
69_CYP_DSS,-123.232133,49.356864,69kV,69
69_JLN_DSS,-123.16109,49.327552,69kV,69
69_HCT_DSS,-123.214265,49.346588,69kV,69
69_CPS_JCT,-123.113381,49.36083,69kV,69
69_GLR_DSS,-123.132969,49.360098,69kV,69
69_CPS_DSS,-123.113381,49.36083,69kV,69
69_SCP_JCT,-122.93599,49.201894,69kV,69
69_RO2_DSS,-122.916322,49.201681,69kV,69
69_SCP_ISS,-122.93599,49.201894,69kV,69
69_CKY_DSS,-123.160951,49.790166,69kV,69
69_UMH_JCT,-123.054632,49.717831,69kV,69
69_SQH_DSS,-123.148577,49.702151,69kV,69
69_UMH_GSS,-123.054632,49.717831,69kV,69
69_BTA_JCT,-123.203108,49.621574,69kV,69
69_FRC_JCT,-123.221119,49.58755,69kV,69
69_FRI_JCT,-123.201977,49.579288,69kV,69
69_PTO_JCT,-123.239815,49.545594,69kV,69
69_LBY_JCT,-123.237851,49.453481,69kV,69
69_HSB_DSS,-123.276891,49.3644,69kV,69
69_BTA_DSS,-123.203108,49.621574,69kV,69
69_FRC_DSS,-123.221119,49.58755,69kV,69
69_FRI_GSS,-123.201977,49.579288,69kV,69
69_LBY_DSS,-123.237851,49.453481,69kV,69
69_PTO_DSS,-123.239815,49.545594,69kV,69
69_MAM_JCT,-123.091753,49.721102,69kV,69
69_MAM_GSS,-123.091753,49.721102,69kV,69
69_SEE_JCT,-122.978774,49.186686,69kV,69
69_SRY_JCT,-122.829507,49.104789,69kV,69
69_WRK_DSS,-122.789773,49.030633,69kV,69
69_SRY_DSS,-122.829507,49.104789,69kV,69
69_NKL_JCT,-122.800159,49.060687,69kV,69
69_NKL_DSS,-122.800159,49.060687,69kV,69
69_CVN_ISS,-122.992116,49.291204,69kV,69
69_HRD_JCT,-122.696895,49.174749,69kV,69
69_PKL_JCT,-122.630288,49.176575,69kV,69
69_SCT_JCT,-122.889169,49.182963,69kV,69
69_HRD_DSS,-122.696895,49.174749,69kV,69
69_SCT_DSS,-122.889169,49.182963,69kV,69
69_PKP_JCT,-122.699771,49.177696,69kV,69
69_PKP_DSS,-122.699771,49.177696,69kV,69
69_KTG_DSS,-123.412041,48.566978,69kV,69
69_SNY_DSS,-123.41664,48.628961,69kV,69
69_NXC_JCT,-123.01503,49.300991,69kV,69
69_ERW_JCT,-123.010649,49.300995,69kV,69
69_DCV_JCT,-122.987189,49.313325,69kV,69
69_DCV_DSS,-122.987189,49.313325,69kV,69
69_ERW_ISS,-123.010649,49.300995,69kV,69
69_NXC_ISS,-123.01503,49.300991,69kV,69
69_CHK_DSS,-121.953179,49.167614,69kV,69
69_KEN_JCT,-121.783499,49.247641,69kV,69
69_WHP_JCT,-121.731284,49.194682,69kV,69
69_WHP_DSS,-121.731284,49.194682,69kV,69
69_HPS_JCT,-121.423884,49.373601,69kV,69
69_HPS_DSS,-121.423884,49.373601,69kV,69
69_CTN_GSS,-123.159893,49.877182,69kV,69
69_PLR_ISS,-123.005288,49.289432,69kV,69
69_PVO_DSS,-123.737845,48.823939,69kV,69
69_LCW_DSS,-124.058483,48.821405,69kV,69
69_CNK_JCT,-125.395572,49.176919,69kV,69
69_LBH_DSS,-125.583442,48.996652,69kV,69
69_DTR_JCT,-125.275698,49.296154,69kV,69
69_SSH_JCT,-125.309247,49.287862,69kV,69
69_GCL_DSS,-124.962048,49.317582,69kV,69
69_HAS_JCT,-125.383841,49.248055,69kV,69
69_M3C_JCT,-125.356944,49.234398,69kV,69
69_TRR_JCT,-125.299872,49.295068,69kV,69
69_WCH_GSS,-125.446414,49.131238,69kV,69
69_WCH_JCT,-125.446414,49.131238,69kV,69
69_CNK_GSS,-125.395572,49.176919,69kV,69
69_DTR_GSS,-125.275698,49.296154,69kV,69
69_HAS_GSS,-125.383841,49.248055,69kV,69
69_M3C_GSS,-125.356944,49.234398,69kV,69
69_SSH_GSS,-125.309247,49.287862,69kV,69
69_TRR_DSS,-125.299872,49.295068,69kV,69
69_VNT_TSS,-119.22887,50.251765,69kV,69
69_WDS_DSS,-119.390248,50.049829,69kV,69
69_WWD_JCT,-119.757512,50.476343,69kV,69
69_MTE_JCT,-119.836377,50.523531,69kV,69
69_MTE_DSS,-119.836377,50.523531,69kV,69
69_WWD_DSS,-119.757512,50.476343,69kV,69
69_FCO_JCT,-119.209224,50.759341,69kV,69
69_SCM_DSS,-118.973479,50.844224,69kV,69
69_SAM_DSS,-119.251648,50.69157,69kV,69
69_FCO_ISS,-119.209224,50.759341,69kV,69
69_MON_DSS,-118.147711,49.920452,69kV,69
69_NDR_JCT,-117.369746,49.997444,69kV,69
69_NDR_DSS,-117.369746,49.997444,69kV,69
69_NAK_DSS,-117.795818,50.238006,69kV,69
69_ILL_DSS,-118.204474,50.985679,69kV,69
69_WHN_GSS,-118.060293,50.814101,69kV,69
69_SCB_JCT,-118.103887,50.771415,69kV,69
69_PIN_GSS,-118.104136,50.771577,69kV,69
69_SCB_GSS,-118.103887,50.771415,69kV,69
69_GST_JCT,-118.540762,51.74349,69kV,69
69_MCK_JCT,-118.532183,51.647648,69kV,69
69_GSM_ISS,-118.429719,51.632022,69kV,69
69_MCA_GSS,-118.570515,52.075872,69kV,69
69_MCK_DSS,-118.532183,51.647648,69kV,69
69_ATH_JCT,-116.000826,50.515057,69kV,69
69_INV_DSS,-116.117825,50.495098,69kV,69
69_CNL_JCT,-115.823022,50.150241,69kV,69
69_FMT_JCT,-115.870665,50.319336,69kV,69
69_CRC_JCT,-115.804012,50.154683,69kV,69
69_KBY_DSS,-115.961183,49.663775,69kV,69
69_SKU_JCT,-115.738832,49.903614,69kV,69
69_ATH_DSS,-116.000826,50.515057,69kV,69
69_CNL_DSS,-115.823022,50.150241,69kV,69
69_CRC_DSS,-115.804012,50.154683,69kV,69
69_SKU_DSS,-115.738832,49.903614,69kV,69
69_CRS_DSS,-115.758056,49.527819,69kV,69
69_FMT_DSS,-115.870665,50.319336,69kV,69
69_RDM_JCT,-116.074036,50.630019,69kV,69
69_PSN_JCT,-116.630252,51.069701,69kV,69
69_GDN_DSS,-116.961008,51.292769,69kV,69
69_SPN_JCT,-116.408516,50.903738,69kV,69
69_PSN_DSS,-116.630252,51.069701,69kV,69
69_RDM_DSS,-116.074036,50.630019,69kV,69
69_SPN_GSS,-116.408516,50.903738,69kV,69
69_KHS_DSS,-116.994352,51.281768,69kV,69
69_FNE_DSS,-115.059198,49.502452,69kV,69
69_SPD_JCT,-114.892675,49.709074,69kV,69
69_NTL_DSS,-114.858257,49.735535,69kV,69
69_SPD_DSS,-114.892675,49.709074,69kV,69
69_ELK_GSS,-115.104613,49.290067,69kV,69
69_CBK_DSS,-115.580487,49.500543,69kV,69
69_FST_JCT,-115.683175,49.592517,69kV,69
69_MVL_JCT,-115.928602,49.639709,69kV,69
69_FST_DSS,-115.683175,49.592517,69kV,69
69_MVL_DSS,-115.928602,49.639709,69kV,69
69_MYE_JCT,-115.830735,49.284974,69kV,69
69_SPL_DSS,-115.74835,49.506975,69kV,69
69_MYE_DSS,-115.830735,49.284974,69kV,69
69_CFE_DSS,-115.101008,49.272448,69kV,69
69_PN6_JCT,-114.85316,49.73172,69kV,69
69_EV1_ISS,-114.836232,49.736533,69kV,69
69_PN6_ISS,-114.85316,49.73172,69kV,69
69_MCL_ISS,-114.848239,49.72391,69kV,69
69_BRM_JCT,-115.376977,49.501304,69kV,69
69_WAR_DSS,-115.361676,49.493403,69kV,69
69_ABN_GSS,-115.362424,49.493319,69kV,69
69_BRM_ISS,-115.376977,49.501304,69kV,69
69_WIN_JCT,-115.128316,49.305833,69kV,69
69_WIN_DSS,-115.128316,49.305833,69kV,69
69_CMO_JCT,-114.655983,49.513085,69kV,69
69_CNT_JCT,-114.718135,49.648113,69kV,69
69_CRW_GSS,-114.715814,49.648758,69kV,69
69_CMO_DSS,-114.655983,49.513085,69kV,69
69_CNT_ISS,-114.718135,49.648113,69kV,69
69_SPL_JCT,-115.74835,49.506975,69kV,69
69_JOE_DSS,-115.75521,49.536638,69kV,69
69_GBW_JCT,-122.425231,52.505779,69kV,69
69_WQL_JCT,-122.482645,52.945928,69kV,69
69_MGT_JCT,-122.428236,52.500932,69kV,69
69_MTP_JCT,-121.633042,52.544315,69kV,69
69_SCK_DSS,-122.21554,52.305565,69kV,69
69_BLW_DSS,-122.429605,53.020438,69kV,69
69_GBW_ISS,-122.425231,52.505779,69kV,69
69_GBR_ISS,-122.282388,52.530204,69kV,69
69_GVL_JCT,-121.805863,52.4858,69kV,69
69_GVL_DSS,-121.805863,52.4858,69kV,69
69_MGT_DSS,-122.428236,52.500932,69kV,69
69_MTP_DSS,-121.633042,52.544315,69kV,69
69_WQL_ISS,-122.482645,52.945928,69kV,69
69_AWL_JCT,-121.330575,51.653894,69kV,69
69_HMH_DSS,-121.28483,51.657461,69kV,69
69_CLN_JCT,-121.589458,51.081082,69kV,69
69_SMH_JCT,-121.396316,51.300124,69kV,69
69_AWL_DSS,-121.330575,51.653894,69kV,69
69_CLN_DSS,-121.589458,51.081082,69kV,69
69_SMH_DSS,-121.396316,51.300124,69kV,69
69_TWT_JCT,-122.171883,52.165132,69kV,69
69_WWL_JCT,-122.183612,52.15979,69kV,69
69_LGW_JCT,-122.180765,52.158094,69kV,69
69_WLM_DSS,-122.138549,52.133474,69kV,69
69_LGW_DSS,-122.180765,52.158094,69kV,69
69_TWT_DSS,-122.171883,52.165132,69kV,69
69_WWL_ISS,-122.183612,52.15979,69kV,69
69_CBP_JCT,-122.485266,52.997039,69kV,69
69_WPN_JCT,-122.518103,53.012845,69kV,69
69_WWQ_JCT,-122.488096,52.99869,69kV,69
69_QNL_DSS,-122.502269,52.994988,69kV,69
69_SSQ_JCT,-122.504055,53.002464,69kV,69
69_WPN_DSS,-122.518103,53.012845,69kV,69
69_CBP_GSS,-122.485266,52.997039,69kV,69
69_SSQ_ISS,-122.504055,53.002464,69kV,69
69_WWQ_ISS,-122.488096,52.99869,69kV,69
69_WFQ_JCT,-122.501328,52.99609,69kV,69
69_BLW_JCT,-122.429605,53.020438,69kV,69
69_WFQ_ISS,-122.501328,52.99609,69kV,69
69_NWE_ISS,-122.171902,52.160852,69kV,69
69_GBC_JCT,-122.285892,52.531651,69kV,69
69_GBC_DSS,-122.285892,52.531651,69kV,69
69_WSN_DSS,-122.608969,53.85023,69kV,69
69_BVY_DSS,-122.834751,53.843389,69kV,69
69_PLT_JCT,-124.334533,54.024493,69kV,69
69_TAC_JCT,-124.072755,54.000696,69kV,69
69_NLV_JCT,-124.05583,54.013786,69kV,69
69_VDF_JCT,-124.015138,54.008304,69kV,69
69_NLV_DSS,-124.05583,54.013786,69kV,69
69_PLT_ISS,-124.334533,54.024493,69kV,69
69_TAC_DSS,-124.072755,54.000696,69kV,69
69_VDF_DSS,-124.015138,54.008304,69kV,69
69_PVW_DSS,-122.695247,53.845286,69kV,69
69_PGG_JCT,-122.70648,53.914169,69kV,69
69_PCA_DSS,-122.765299,53.905007,69kV,69
69_PGG_DSS,-122.70648,53.914169,69kV,69
69_NOS_JCT,-122.741112,53.849591,69kV,69
69_PVW_JCT,-122.695247,53.845286,69kV,69
69_NOS_ISS,-122.741112,53.849591,69kV,69
69_BCM_JCT,-122.691613,53.921209,69kV,69
69_FMC_JCT,-122.708602,53.926929,69kV,69
69_CRD_DSS,-122.693514,53.926974,69kV,69
69_BCM_ISS,-122.691613,53.921209,69kV,69
69_FMC_ISS,-122.708602,53.926929,69kV,69
69_CNG_JCT,-122.367079,54.072382,69kV,69
69_UFR_DSS,-121.945287,54.118021,69kV,69
69_CNG_ISS,-122.367079,54.072382,69kV,69
69_HCR_JCT,-122.687814,53.922951,69kV,69
69_HCR_ISS,-122.687814,53.922951,69kV,69
69_CLB_JCT,-122.492581,53.283168,69kV,69
69_DKY_JCT,-122.47249,53.276287,69kV,69
69_PMB_JCT,-122.525688,53.302659,69kV,69
69_CLB_DSS,-122.492581,53.283168,69kV,69
69_DKY_ISS,-122.47249,53.276287,69kV,69
69_PMB_ISS,-122.525688,53.302659,69kV,69
69_NWP_ISS,-122.695976,53.980168,69kV,69
69_FSR_JCT,-124.850056,54.054362,69kV,69
69_FSS_JCT,-124.757238,54.060807,69kV,69
69_FLB_GSS,-124.748749,54.065007,69kV,69
69_GLN_DSS,-125.015718,54.074358,69kV,69
69_FSR_DSS,-124.850056,54.054362,69kV,69
69_FSS_ISS,-124.757238,54.060807,69kV,69
69_PGP_ISS,-122.687736,53.92285,69kV,69
69_FM2_DSS,-124.250341,54.449952,69kV,69
69_HSK_ISS,-122.700114,53.927004,69kV,69
69_ICP_GSS,-122.69589,53.923788,69kV,69
69_BCC_ISS,-122.691688,53.921353,69kV,69
69_PGI_ISS,-122.656631,53.848525,69kV,69
69_EKO_DSS,-125.010863,54.072393,69kV,69
69_FHS_JCT,-122.812485,53.907004,69kV,69
69_CHF_DSS,-122.814317,54.008988,69kV,69
69_FHS_DSS,-122.812485,53.907004,69kV,69
69_PCA_JCT,-122.765299,53.905007,69kV,69
69_IPR_JCT,-123.271878,53.865139,69kV,69
69_IPR_DSS,-123.271878,53.865139,69kV,69
69_AFP_JCT,-124.201793,54.490913,69kV,69
69_AFP_ISS,-124.201793,54.490913,69kV,69
69_FGE_GSS,-124.215275,54.489317,69kV,69
69_TFP_DSS,-124.165837,54.469018,69kV,69
69_SKA_DSS,-128.632826,54.45228,69kV,69
69_TER_JCT,-128.558185,54.510853,69kV,69
69_TSC_DSS,-128.605641,54.513674,69kV,69
69_KAL_DSS,-128.616892,54.519438,69kV,69
69_TER_DSS,-128.558185,54.510853,69kV,69
69_DSQ_GSS,-128.887414,54.378906,69kV,69
69_BRL_JCT,-129.834478,54.040073,69kV,69
69_FLS_GSS,-129.734244,53.983531,69kV,69
69_DIL_JCT,-130.078231,54.229453,69kV,69
69_GRR_JCT,-129.975564,54.206333,69kV,69
69_RUP_DSS,-130.231685,54.256795,69kV,69
69_BRL_GSS,-129.834478,54.040073,69kV,69
69_DIL_DSS,-130.078231,54.229453,69kV,69
69_GRR_DSS,-129.975564,54.206333,69kV,69
69_PRT_JCT,-130.355349,54.286394,69kV,69
69_OFD_DSS,-130.307492,54.309639,69kV,69
69_PRT_ISS,-130.355349,54.286394,69kV,69
69_PED_JCT,-130.293083,54.228714,69kV,69
69_SKL_JCT,-130.294861,54.239494,69kV,69
69_PRG_JCT,-130.328839,54.23469,69kV,69
69_RTI_ISS,-130.325334,54.224518,69kV,69
69_PED_DSS,-130.293083,54.228714,69kV,69
69_PRG_ISS,-130.328839,54.23469,69kV,69
69_SKL_ISS,-130.294861,54.239494,69kV,69
69_RPG_GSS,-130.294424,54.314334,69kV,69
69_KNG_ISS,-130.006777,56.400197,69kV,69
69_BJK_ISS,-130.186168,56.465557,69kV,69
63_BEN_TSS,-119.530109,49.189206,63kV,63
63_NKM_DSS,-119.425832,49.039218,63kV,63
230_BCUS03_INT,-117.341514,48.9974,230kV,230
230_WHS_TSS,-117.613121,49.006754,230kV,230
230_LEE_TSS,-119.347162,49.906798,230kV,230
230_DGB_TSS,-119.446811,49.812052,230kV,230
230_RGA_TSS,-119.552286,49.480074,230kV,230
230_WTS_TSS,-117.739672,49.105142,230kV,230
230_BTS_TSS,-117.612786,49.321964,230kV,230
63_BRD_GSS,-117.620653,49.32488,63kV,63
63_BTS_TSS,-117.612786,49.321964,63kV,63
230_ALH_GSS,-117.768849,49.343024,230kV,230
230_BRX_GSS,-117.619793,49.323118,230kV,230
230_WAX_GSS,-117.615993,49.004675,230kV,230
63_RUC_DSS,-118.436004,49.027013,63kV,63
287_KMO_GSS,-127.942556,53.563171,287kV,287
