name,f_nom,r_per_length,x_per_length,c_per_length,i_nom,mounting,cross_section
780,60,0.09259999999999999,0.4336,8.85,0.09259999999999999,ol,322.2
925,60,0.0681,0.4336,8.85,0.0681,ol,443.5
735,60,0.1055,0.4336,8.85,0.1055,ol,281.8
530,60,0.1732,0.4336,8.85,0.1732,ol,170.6
684,60,0.1226,0.4336,8.85,0.1226,ol,241.9
642,60,0.1226,0.4336,8.85,0.1226,ol,241.9
915,60,0.0746,0.4336,8.85,0.0746,ol,402.9
440,60,0.218,0.4336,8.85,0.218,ol,135.3
689,60,0.1226,0.4336,8.85,0.1226,ol,241.9
601,60,0.1467,0.4336,8.85,0.1467,ol,201.6
590,60,0.1467,0.4336,8.85,0.1467,ol,201.6
1275,60,0.0433,0.4336,8.85,0.0433,ol,725.4
1091,60,0.054299999999999994,0.4336,8.85,0.054299999999999994,ol,564.2
488,60,0.218,0.4336,8.85,0.218,ol,135.3
805,60,0.09259999999999999,0.4336,8.85,0.09259999999999999,ol,322.2
1375,60,0.0395,0.4336,8.85,0.0395,ol,806.2
810,60,0.0825,0.4336,8.85,0.0825,ol,362.8
645,60,0.1226,0.4336,8.85,0.1226,ol,241.9
1667,60,0.0395,0.4336,8.85,0.0395,ol,806.2
1355,60,0.041299999999999996,0.4336,8.85,0.041299999999999996,ol,765.8
1529,60,0.0395,0.4336,8.85,0.0395,ol,806.2
730,60,0.1055,0.4336,8.85,0.1055,ol,281.8
571,60,0.1467,0.4336,8.85,0.1467,ol,201.6
635,60,0.1226,0.4336,8.85,0.1226,ol,241.9
1185,60,0.048100000000000004,0.4336,8.85,0.048100000000000004,ol,644.5
830,60,0.0825,0.4336,8.85,0.0825,ol,362.8
815,60,0.0825,0.4336,8.85,0.0825,ol,362.8
781,60,0.09259999999999999,0.4336,8.85,0.09259999999999999,ol,322.2
1350,60,0.041299999999999996,0.4336,8.85,0.041299999999999996,ol,765.8
1050,60,0.0582,0.4336,8.85,0.0582,ol,524.1
565,60,0.1467,0.4336,8.85,0.1467,ol,201.6
580,60,0.1467,0.4336,8.85,0.1467,ol,201.6
272,60,0.4395,0.4336,8.85,0.4395,ol,67.5
630,60,0.1467,0.4336,8.85,0.1467,ol,201.6
1090,60,0.054299999999999994,0.4336,8.85,0.054299999999999994,ol,564.2
1361,60,0.0395,0.4336,8.85,0.0395,ol,806.2
1033,60,0.0627,0.4336,8.85,0.0627,ol,483.6
1007,60,0.0627,0.4336,8.85,0.0627,ol,483.6
625,60,0.1467,0.4336,8.85,0.1467,ol,201.6
728,60,0.1055,0.4336,8.85,0.1055,ol,281.8
866,60,0.0825,0.4336,8.85,0.0825,ol,362.8
912,60,0.0746,0.4336,8.85,0.0746,ol,402.9
627,60,0.1467,0.4336,8.85,0.1467,ol,201.6
593,60,0.1467,0.4336,8.85,0.1467,ol,201.6
886,60,0.0746,0.4336,8.85,0.0746,ol,402.9
658,60,0.1226,0.4336,8.85,0.1226,ol,241.9
566,60,0.1467,0.4336,8.85,0.1467,ol,201.6
622,60,0.1467,0.4336,8.85,0.1467,ol,201.6
1351,60,0.041299999999999996,0.4336,8.85,0.041299999999999996,ol,765.8
1347,60,0.041299999999999996,0.4336,8.85,0.041299999999999996,ol,765.8
617,60,0.1467,0.4336,8.85,0.1467,ol,201.6
923,60,0.0746,0.4336,8.85,0.0746,ol,402.9
920,60,0.0746,0.4336,8.85,0.0746,ol,402.9
804,60,0.09259999999999999,0.4336,8.85,0.09259999999999999,ol,322.2
924,60,0.0746,0.4336,8.85,0.0746,ol,402.9
442,60,0.218,0.4336,8.85,0.218,ol,135.3
1274,60,0.0456,0.4336,8.85,0.0456,ol,865.3
552,60,0.1732,0.4336,8.85,0.1732,ol,170.6
1105,60,0.054299999999999994,0.4336,8.85,0.054299999999999994,ol,564.2
674,60,0.1226,0.4336,8.85,0.1226,ol,241.9
628,60,0.1467,0.4336,8.85,0.1467,ol,201.6
910,60,0.0746,0.4336,8.85,0.0746,ol,402.9
970,60,0.0681,0.4336,8.85,0.0681,ol,443.5
675,60,0.1226,0.4336,8.85,0.1226,ol,241.9
682,60,0.1226,0.4336,8.85,0.1226,ol,241.9
495,60,0.1732,0.4336,8.85,0.1732,ol,170.6
725,60,0.1055,0.4336,8.85,0.1055,ol,281.8
450,60,0.218,0.4336,8.85,0.218,ol,135.3
650,60,0.1226,0.4336,8.85,0.1226,ol,241.9
610,60,0.1467,0.4336,8.85,0.1467,ol,201.6
717,60,0.1055,0.4336,8.85,0.1055,ol,281.8
545,60,0.1732,0.4336,8.85,0.1732,ol,170.6
595,60,0.1467,0.4336,8.85,0.1467,ol,201.6
618,60,0.1467,0.4336,8.85,0.1467,ol,201.6
884,60,0.0746,0.48,8.85,0.0746,ol,402.9
1200,60,0.048100000000000004,0.48,8.85,0.048100000000000004,ol,644.5
1210,60,0.048100000000000004,0.48,8.85,0.048100000000000004,ol,644.5
1220,60,0.048100000000000004,0.48,8.85,0.048100000000000004,ol,644.5
2540,60,0.0395,0.48,8.85,0.0395,ol,806.2
1193,60,0.048100000000000004,0.48,8.85,0.048100000000000004,ol,644.5
933,60,0.0681,0.48,8.85,0.0681,ol,443.5
1160,60,0.051,0.48,8.85,0.051,ol,604.1
1021,60,0.0627,0.48,8.85,0.0627,ol,483.6
1167,60,0.051,0.48,8.85,0.051,ol,604.1
1102,60,0.054299999999999994,0.48,8.85,0.054299999999999994,ol,564.2
891,60,0.0746,0.48,8.85,0.0746,ol,402.9
916,60,0.0746,0.48,8.85,0.0746,ol,402.9
1591,60,0.0395,0.48,8.85,0.0395,ol,806.2
1230,60,0.0456,0.48,8.85,0.0456,ol,865.3
1250,60,0.0456,0.48,8.85,0.0456,ol,865.3
2560,60,0.0395,0.48,8.85,0.0395,ol,806.2
950,60,0.0681,0.48,8.85,0.0681,ol,443.5
1260,60,0.0456,0.48,8.85,0.0456,ol,865.3
1780,60,0.0395,0.48,8.85,0.0395,ol,806.2
1245,60,0.0456,0.48,8.85,0.0456,ol,865.3
825,60,0.0825,0.48,8.85,0.0825,ol,362.8
940,60,0.0681,0.48,8.85,0.0681,ol,443.5
1036,60,0.0582,0.48,8.85,0.0582,ol,524.1
840,60,0.0825,0.48,8.85,0.0825,ol,362.8
1247,60,0.0456,0.48,8.85,0.0456,ol,865.3
1259,60,0.0456,0.48,8.85,0.0456,ol,865.3
705,60,0.1055,0.48,8.85,0.1055,ol,281.8
1293,60,0.0433,0.48,8.85,0.0433,ol,725.4
1000,60,0.0627,0.48,8.85,0.0627,ol,483.6
765,60,0.09259999999999999,0.48,8.85,0.09259999999999999,ol,322.2
2204,60,0.0395,0.48,8.85,0.0395,ol,806.2
1137,60,0.051,0.48,8.85,0.051,ol,604.1
890,60,0.0746,0.48,8.85,0.0746,ol,402.9
1940,60,0.0395,0.48,8.85,0.0395,ol,806.2
942,60,0.0681,0.48,8.85,0.0681,ol,443.5
1020,60,0.0627,0.48,8.85,0.0627,ol,483.6
1180,60,0.048100000000000004,0.48,8.85,0.048100000000000004,ol,644.5
1075,60,0.0582,0.48,8.85,0.0582,ol,524.1
1620,60,0.0395,0.4621,8.85,0.0395,ol,806.2
2352,60,0.0395,0.4621,8.85,0.0395,ol,806.2
1316,60,0.0433,0.4621,8.85,0.0433,ol,725.4
1190,60,0.048100000000000004,0.4621,8.85,0.048100000000000004,ol,644.5
1341,60,0.041299999999999996,0.48,8.85,0.041299999999999996,ol,765.8
2233,60,0.0395,0.48,8.85,0.0395,ol,806.2
2568,60,0.0395,0.48,8.85,0.0395,ol,806.2
3289,60,0.0395,0.48,8.85,0.0395,ol,806.2
1925,60,0.0395,0.48,8.85,0.0395,ol,806.2
2682,60,0.0395,0.48,8.85,0.0395,ol,806.2
1301,60,0.0433,0.48,8.85,0.0433,ol,725.4
913,60,0.0746,0.48,8.85,0.0746,ol,402.9
1204,60,0.048100000000000004,0.48,8.85,0.048100000000000004,ol,644.5
870,60,0.0746,0.48,8.85,0.0746,ol,402.9
2099,60,0.0395,0.48,8.85,0.0395,ol,806.2
2400,60,0.0395,0.48,8.85,0.0395,ol,806.2
1345,60,0.041299999999999996,0.48,8.85,0.041299999999999996,ol,765.8
1277,60,0.0433,0.48,8.85,0.0433,ol,725.4
1357,60,0.041299999999999996,0.48,8.85,0.041299999999999996,ol,765.8
1280,60,0.0433,0.48,8.85,0.0433,ol,725.4
1209,60,0.048100000000000004,0.48,8.85,0.048100000000000004,ol,644.5
160,60,1.3915,0.48,8.85,1.3915,ol,21.1
1127,60,0.054299999999999994,0.48,8.85,0.054299999999999994,ol,564.2
980,60,0.0627,0.48,8.85,0.0627,ol,483.6
2217,60,0.0395,0.48,8.85,0.0395,ol,806.2
1270,60,0.0456,0.48,8.85,0.0456,ol,865.3
2228,60,0.0395,0.4621,8.85,0.0395,ol,806.2
1782,60,0.0395,0.4391,8.85,0.0395,ol,806.2
3130,60,0.0395,0.395,8.85,0.0395,ol,806.2
3450,60,0.0395,0.395,8.85,0.0395,ol,806.2
3320,60,0.0395,0.395,8.85,0.0395,ol,806.2
4568,60,0.0395,0.395,8.85,0.0395,ol,806.2
3901,60,0.0395,0.395,8.85,0.0395,ol,806.2
3448,60,0.0395,0.395,8.85,0.0395,ol,806.2
3470,60,0.0395,0.395,8.85,0.0395,ol,806.2
3140,60,0.0395,0.395,8.85,0.0395,ol,806.2
3035,60,0.0395,0.395,8.85,0.0395,ol,806.2
3302,60,0.0395,0.395,8.85,0.0395,ol,806.2
4238,60,0.0395,0.395,8.85,0.0395,ol,806.2
4497,60,0.0395,0.395,8.85,0.0395,ol,806.2
4284,60,0.0395,0.395,8.85,0.0395,ol,806.2
3344,60,0.0395,0.395,8.85,0.0395,ol,806.2
3700,60,0.0395,0.395,8.85,0.0395,ol,806.2
3045,60,0.0395,0.395,8.85,0.0395,ol,806.2
4241,60,0.0395,0.395,8.85,0.0395,ol,806.2
740,60,0.1055,0.3843,8.85,0.1055,ol,281.8
505,60,0.1732,0.3843,8.85,0.1732,ol,170.6
875,60,0.0746,0.3843,8.85,0.0746,ol,402.9
290,60,0.3464,0.3843,8.85,0.3464,ol,85.0
1388,60,0.0395,0.3843,8.85,0.0395,ol,806.2
745,60,0.1055,0.3843,8.85,0.1055,ol,281.8
864,60,0.0825,0.3843,8.85,0.0825,ol,362.8
594,60,0.1467,0.3843,8.85,0.1467,ol,201.6
555,60,0.1732,0.3843,8.85,0.1732,ol,170.6
510,60,0.1732,0.3843,8.85,0.1732,ol,170.6
880,60,0.0746,0.3843,8.85,0.0746,ol,402.9
1393,60,0.0395,0.3843,8.85,0.0395,ol,806.2
325,60,0.2747,0.3843,8.85,0.2747,ol,107.3
790,60,0.09259999999999999,0.3843,8.85,0.09259999999999999,ol,322.2
700,60,0.1055,0.3843,8.85,0.1055,ol,281.8
515,60,0.1732,0.3843,8.85,0.1732,ol,170.6
525,60,0.1732,0.3843,8.85,0.1732,ol,170.6
202,60,0.6942,0.3843,8.85,0.6942,ol,42.4
588,60,0.1467,0.3843,8.85,0.1467,ol,201.6
691,60,0.1226,0.3843,8.85,0.1226,ol,241.9
640,60,0.1226,0.3843,8.85,0.1226,ol,241.9
755,60,0.09259999999999999,0.3843,8.85,0.09259999999999999,ol,322.2
715,60,0.1055,0.3843,8.85,0.1055,ol,281.8
604,60,0.1467,0.3843,8.85,0.1467,ol,201.6
605,60,0.1467,0.3843,8.85,0.1467,ol,201.6
965,60,0.0681,0.3843,8.85,0.0681,ol,443.5
692,60,0.1226,0.3843,8.85,0.1226,ol,241.9
960,60,0.0681,0.3843,8.85,0.0681,ol,443.5
170,60,0.8745,0.3843,8.85,0.8745,ol,33.6
1505,60,0.0395,0.3843,8.85,0.0395,ol,806.2
660,60,0.1226,0.3843,8.85,0.1226,ol,241.9
480,60,0.218,0.3843,8.85,0.218,ol,135.3
600,60,0.1467,0.3843,8.85,0.1467,ol,201.6
592,60,0.1467,0.3843,8.85,0.1467,ol,201.6
1010,60,0.0627,0.3843,8.85,0.0627,ol,483.6
490,60,0.218,0.3843,8.85,0.218,ol,135.3
879,60,0.0746,0.3843,8.85,0.0746,ol,402.9
570,60,0.1467,0.3843,8.85,0.1467,ol,201.6
744,60,0.1055,0.3843,8.85,0.1055,ol,281.8
1300,60,0.0433,0.3843,8.85,0.0433,ol,725.4
1018,60,0.0627,0.3843,8.85,0.0627,ol,483.6
1295,60,0.0433,0.3843,8.85,0.0433,ol,725.4
820,60,0.0825,0.3843,8.85,0.0825,ol,362.8
470,60,0.218,0.3843,8.85,0.218,ol,135.3
1645,60,0.0395,0.3843,8.85,0.0395,ol,806.2
1015,60,0.0627,0.3843,8.85,0.0627,ol,483.6
1440,60,0.0395,0.3843,8.85,0.0395,ol,806.2
1383,60,0.0395,0.3843,8.85,0.0395,ol,806.2
383,60,0.2747,0.3843,8.85,0.2747,ol,107.3
420,60,0.218,0.3843,8.85,0.218,ol,135.3
384,60,0.2747,0.3843,8.85,0.2747,ol,107.3
363,60,0.2747,0.3843,8.85,0.2747,ol,107.3
312,60,0.3464,0.3843,8.85,0.3464,ol,85.0
1060,60,0.0582,0.3843,8.85,0.0582,ol,524.1
453,60,0.218,0.3843,8.85,0.218,ol,135.3
380,60,0.2747,0.3843,8.85,0.2747,ol,107.3
511,60,0.1732,0.3843,8.85,0.1732,ol,170.6
1003,60,0.0627,0.3843,8.85,0.0627,ol,483.6
957,60,0.0681,0.3843,8.85,0.0681,ol,443.5
829,60,0.0825,0.3843,8.85,0.0825,ol,362.8
492,60,0.218,0.3843,8.85,0.218,ol,135.3
567,60,0.1467,0.3843,8.85,0.1467,ol,201.6
822,60,0.0825,0.3843,8.85,0.0825,ol,362.8
1041,60,0.0582,0.3843,8.85,0.0582,ol,524.1
248,60,0.5502,0.3843,8.85,0.5502,ol,53.5
403,60,0.218,0.3843,8.85,0.218,ol,135.3
270,60,0.4395,0.3843,8.85,0.4395,ol,67.5
201,60,0.6942,0.3843,8.85,0.6942,ol,42.4
1016,60,0.0627,0.3843,8.85,0.0627,ol,483.6
760,60,0.09259999999999999,0.3843,8.85,0.09259999999999999,ol,322.2
441,60,0.218,0.3843,8.85,0.218,ol,135.3
379,60,0.2747,0.3843,8.85,0.2747,ol,107.3
500,60,0.1732,0.3843,8.85,0.1732,ol,170.6
447,60,0.218,0.3843,8.85,0.218,ol,135.3
535,60,0.1732,0.3843,8.85,0.1732,ol,170.6
340,60,0.2747,0.3843,8.85,0.2747,ol,107.3
949,60,0.0681,0.3843,8.85,0.0681,ol,443.5
