,YEAR,SOURCE,Data Source ID,ORG_UNIT,ORG_NAME,ORG_PART,ENERGY_TYPE,ENERGY_UNIT,SUB_SECTOR,CONSUMPTION_TOTAL,CONNECTION_TOTAL,EMISSIONS NET IMPORTS (TCO2e),Unnamed: 12,ORG_TYPE
593,2021,BC Hydro,10080,1005923,Alberni-Clayoquot,9000000,ELEC,kWh,Res,222384859.58315942,17083,2157.132782140871,2021ELECkWh,Regional District
603,2021,BC Hydro,10080,1005951,Bulkley-Nechako,9000000,ELEC,kWh,Res,213536685.56526932,18929,2071.3055083244153,2021ELECkWh,Regional District
610,2021,BC Hydro,10080,1005917,Capital,9000000,ELEC,kWh,Res,2236961372.264694,192458,21698.521731829336,2021ELECkWh,Regional District
612,2021,BC Hydro,10080,1005941,Cariboo,9000000,ELEC,kWh,Res,334279822.5083698,33060,3242.513743483471,2021ELECkWh,Regional District
614,2021,BC Hydro,10080,1005945,Central Coast,9000000,ELEC,kWh,Res,19300158.667114303,1502,187.21150819075487,2021ELECkWh,Regional District
616,2021,BC Hydro,10080,1005903,Central Kootenay,9000000,ELEC,kWh,Res,46149849.07696599,3859,447.6534622068115,2021ELECkWh,Regional District
618,2021,BC Hydro,10080,1005935,Central Okanagan,9000000,ELEC,kWh,Res,365376583.2041496,31389,3544.152272477718,2021ELECkWh,Regional District
627,2021,BC Hydro,10080,1005939,Columbia-Shuswap,9000000,ELEC,kWh,Res,389600530.98065054,32237,3779.1245271514604,2021ELECkWh,Regional District
631,2021,BC Hydro,10080,1005926,Comox Valley,9000000,ELEC,kWh,Res,459400507.0682938,35603,4456.184183521638,2021ELECkWh,Regional District
635,2021,BC Hydro,10080,1005919,Cowichan Valley,9000000,ELEC,kWh,Res,581100056.2843639,40900,5636.669616198239,2021ELECkWh,Regional District
642,2021,BC Hydro,10080,1005901,East Kootenay,9000000,ELEC,kWh,Res,396106327.0037991,39128,3842.230738166728,2021ELECkWh,Regional District
651,2021,BC Hydro,10080,1005909,Fraser Valley,9000000,ELEC,kWh,Res,1385041826.1607878,115342,13434.90349769272,2021ELECkWh,Regional District
653,2021,BC Hydro,10080,1005953,Fraser-Fort George,9000000,ELEC,kWh,Res,406683409.1274926,42045,3944.8284178432236,2021ELECkWh,Regional District
671,2021,BC Hydro,10080,1005949,Kitimat-Stikine,9000000,ELEC,kWh,Res,223852162.607525,17685,2171.365619129532,2021ELECkWh,Regional District
691,2021,BC Hydro,10080,1005915,Metro-Vancouver,9000000,ELEC,kWh,Res,9023312538.375872,982538,87526.11718494589,2021ELECkWh,Regional District
694,2021,BC Hydro,10080,1005943,Mount Waddington,9000000,ELEC,kWh,Res,74034071.6128022,5912,718.1303761896667,2021ELECkWh,Regional District
697,2021,BC Hydro,10080,5921007,Nanaimo,1005921,ELEC,kWh,Res,501312764.8815859,44134,4862.733017250959,2021ELECkWh,Regional District
703,2021,BC Hydro,10080,1005937,North Okanagan,9000000,ELEC,kWh,Res,452422573.54178375,41804,4388.498239479184,2021ELECkWh,Regional District
712,2021,BC Hydro,10080,1005907,Okanagan-Similkameen,9000000,ELEC,kWh,Res,5333793.776727416,372,51.73779110018589,2021ELECkWh,Regional District
716,2021,BC Hydro,10080,1005955,Peace River,9000000,ELEC,kWh,Res,273644207.1515153,28608,2654.348371538967,2021ELECkWh,Regional District
730,2021,BC Hydro,10080,5927008,Powell River,1005927,ELEC,kWh,Res,67643921.85610332,6688,656.1459337739271,2021ELECkWh,Regional District
731,2021,BC Hydro,10080,1005927,Powell River,9000000,ELEC,kWh,Res,121113316.13877241,10444,1174.7989727647866,2021ELECkWh,Regional District
749,2021,BC Hydro,10080,1005947,Skeena-Queen Charlotte,9000000,ELEC,kWh,Res,126075675.7467338,9404,1222.9338530222367,2021ELECkWh,Regional District
756,2021,BC Hydro,10080,1005931,Squamish-Lillooet,9000000,ELEC,kWh,Res,423126627.69098186,28415,4104.32761159992,2021ELECkWh,Regional District
759,2021,BC Hydro,10080,1005957,Stikine,9000000,ELEC,kWh,Res,3889958.99724095,461,37.73259604930281,2021ELECkWh,Regional District
761,2021,BC Hydro,10080,1005924,Strathcona,9000000,ELEC,kWh,Res,288982675.31139344,23052,2803.131488148236,2021ELECkWh,Regional District
764,2021,BC Hydro,10080,1005929,Sunshine Coast,9000000,ELEC,kWh,Res,264136084.7320645,18792,2562.11959928329,2021ELECkWh,Regional District
771,2021,BC Hydro,10080,1005933,Thompson-Nicola,9000000,ELEC,kWh,Res,678421448.199114,65498,6580.686962057088,2021ELECkWh,Regional District
790,2021,BC Hydro,10080,1005923,Alberni-Clayoquot,9000000,ELEC,kWh,CSMI,150930059.75945252,2631,1464.0213381785939,2021ELECkWh,Regional District
800,2021,BC Hydro,10080,1005951,Bulkley-Nechako,9000000,ELEC,kWh,CSMI,189058020.13839498,4070,1833.862492849599,2021ELECkWh,Regional District
807,2021,BC Hydro,10080,1005917,Capital,9000000,ELEC,kWh,CSMI,1182749747.5871165,18756,11472.670659195433,2021ELECkWh,Regional District
809,2021,BC Hydro,10080,1005941,Cariboo,9000000,ELEC,kWh,CSMI,270016901.7650538,6358,2619.163515093979,2021ELECkWh,Regional District
811,2021,BC Hydro,10080,1005945,Central Coast,9000000,ELEC,kWh,CSMI,12060687.630050464,321,116.98865071438928,2021ELECkWh,Regional District
813,2021,BC Hydro,10080,1005903,Central Kootenay,9000000,ELEC,kWh,CSMI,22531785.933937214,721,218.55828750833348,2021ELECkWh,Regional District
815,2021,BC Hydro,10080,1005935,Central Okanagan,9000000,ELEC,kWh,CSMI,228552229.71972254,3502,2216.956262597741,2021ELECkWh,Regional District
824,2021,BC Hydro,10080,1005939,Columbia-Shuswap,9000000,ELEC,kWh,CSMI,326265102.5453663,5368,3164.7709726658886,2021ELECkWh,Regional District
828,2021,BC Hydro,10080,1005926,Comox Valley,9000000,ELEC,kWh,CSMI,216705877.04940408,4362,2102.046660649816,2021ELECkWh,Regional District
832,2021,BC Hydro,10080,1005919,Cowichan Valley,9000000,ELEC,kWh,CSMI,388150446.1766691,6116,3765.0587068729765,2021ELECkWh,Regional District
839,2021,BC Hydro,10080,1005901,East Kootenay,9000000,ELEC,kWh,CSMI,290355149.8852689,5373,2816.444489318869,2021ELECkWh,Regional District
848,2021,BC Hydro,10080,1005909,Fraser Valley,9000000,ELEC,kWh,CSMI,1711090482.0430236,20164,16597.574938072557,2021ELECkWh,Regional District
850,2021,BC Hydro,10080,1005953,Fraser-Fort George,9000000,ELEC,kWh,CSMI,475041104.5423309,6048,4607.897953994842,2021ELECkWh,Regional District
868,2021,BC Hydro,10080,1005949,Kitimat-Stikine,9000000,ELEC,kWh,CSMI,209851462.9896341,3170,2035.5588552371098,2021ELECkWh,Regional District
888,2021,BC Hydro,10080,1005915,Metro-Vancouver,9000000,ELEC,kWh,CSMI,9251856377.961157,101227,89742.99206325301,2021ELECkWh,Regional District
891,2021,BC Hydro,10080,1005943,Mount Waddington,9000000,ELEC,kWh,CSMI,77812608.2812071,1184,754.7821758275356,2021ELECkWh,Regional District
894,2021,BC Hydro,10080,5921007,Nanaimo,1005921,ELEC,kWh,CSMI,341392007.6162595,4205,3311.501927650505,2021ELECkWh,Regional District
900,2021,BC Hydro,10080,1005937,North Okanagan,9000000,ELEC,kWh,CSMI,386041946.1356752,6943,3744.606259848935,2021ELECkWh,Regional District
909,2021,BC Hydro,10080,1005907,Okanagan-Similkameen,9000000,ELEC,kWh,CSMI,3767684.7116792123,92,36.54653567499282,2021ELECkWh,Regional District
913,2021,BC Hydro,10080,1005955,Peace River,9000000,ELEC,kWh,CSMI,708849318.784175,7211,6875.837258047588,2021ELECkWh,Regional District
927,2021,BC Hydro,10080,5927008,Powell River,1005927,ELEC,kWh,CSMI,39877480.12014584,924,386.8114933614465,2021ELECkWh,Regional District
928,2021,BC Hydro,10080,1005927,Powell River,9000000,ELEC,kWh,CSMI,63187900.70872186,1489,612.9225357739609,2021ELECkWh,Regional District
946,2021,BC Hydro,10080,1005947,Skeena-Queen Charlotte,9000000,ELEC,kWh,CSMI,85517660.22078256,1653,829.5211673133344,2021ELECkWh,Regional District
953,2021,BC Hydro,10080,1005931,Squamish-Lillooet,9000000,ELEC,kWh,CSMI,293874382.0965769,4027,2850.581036137785,2021ELECkWh,Regional District
956,2021,BC Hydro,10080,1005957,Stikine,9000000,ELEC,kWh,CSMI,2100687.0548934685,122,20.376661071367355,2021ELECkWh,Regional District
958,2021,BC Hydro,10080,1005924,Strathcona,9000000,ELEC,kWh,CSMI,177149096.35369453,3133,1718.3459511922827,2021ELECkWh,Regional District
961,2021,BC Hydro,10080,1005929,Sunshine Coast,9000000,ELEC,kWh,CSMI,123510539.66923565,2545,1198.0520371747223,2021ELECkWh,Regional District
968,2021,BC Hydro,10080,1005933,Thompson-Nicola,9000000,ELEC,kWh,CSMI,751957064.2146149,10576,7293.982319750461,2021ELECkWh,Regional District
987,2021,BC Hydro,10080,1005923,Alberni-Clayoquot,9000000,ELEC,kWh,MIXED,5777186.777150003,16,56.03870249485619,2021ELECkWh,Regional District
997,2021,BC Hydro,10080,1005951,Bulkley-Nechako,9000000,ELEC,kWh,MIXED,8751083.243544837,65,84.88549346065173,2021ELECkWh,Regional District
1004,2021,BC Hydro,10080,1005917,Capital,9000000,ELEC,kWh,MIXED,56179759.37429535,155,544.9435760430498,2021ELECkWh,Regional District
1006,2021,BC Hydro,10080,1005941,Cariboo,9000000,ELEC,kWh,MIXED,8357497.489451414,37,81.06771227568272,2021ELECkWh,Regional District
1008,2021,BC Hydro,10080,1005945,Central Coast,9000000,ELEC,kWh,MIXED,930618.2976867874,4,9.026995998572561,2021ELECkWh,Regional District
1010,2021,BC Hydro,10080,1005903,Central Kootenay,9000000,ELEC,kWh,MIXED,3028656.6081445683,54,29.377964253151738,2021ELECkWh,Regional District
1012,2021,BC Hydro,10080,1005935,Central Okanagan,9000000,ELEC,kWh,MIXED,5869589.39679194,29,56.93500775753878,2021ELECkWh,Regional District
1021,2021,BC Hydro,10080,1005939,Columbia-Shuswap,9000000,ELEC,kWh,MIXED,6807405.327796387,19,66.03182078777643,2021ELECkWh,Regional District
1025,2021,BC Hydro,10080,1005926,Comox Valley,9000000,ELEC,kWh,MIXED,19814107.812744472,44,192.19681408104887,2021ELECkWh,Regional District
1029,2021,BC Hydro,10080,1005919,Cowichan Valley,9000000,ELEC,kWh,MIXED,7554156.974765698,34,73.27531056857612,2021ELECkWh,Regional District
1036,2021,BC Hydro,10080,1005901,East Kootenay,9000000,ELEC,kWh,MIXED,12240928.557075078,54,118.73698741814256,2021ELECkWh,Regional District
1045,2021,BC Hydro,10080,1005909,Fraser Valley,9000000,ELEC,kWh,MIXED,24956749.887131084,22,242.0804339743717,2021ELECkWh,Regional District
1047,2021,BC Hydro,10080,1005953,Fraser-Fort George,9000000,ELEC,kWh,MIXED,2330499.00783937,37,22.605836647243475,2021ELECkWh,Regional District
1065,2021,BC Hydro,10080,1005949,Kitimat-Stikine,9000000,ELEC,kWh,MIXED,3537640.486563356,49,34.315107059439775,2021ELECkWh,Regional District
1085,2021,BC Hydro,10080,1005915,Metro-Vancouver,9000000,ELEC,kWh,MIXED,96080669.08057173,311,931.9823363524752,2021ELECkWh,Regional District
1088,2021,BC Hydro,10080,1005943,Mount Waddington,9000000,ELEC,kWh,MIXED,1810830.946116743,39,17.565057280002893,2021ELECkWh,Regional District
1091,2021,BC Hydro,10080,5921007,Nanaimo,1005921,ELEC,kWh,MIXED,14151275.2119,2,137.26734691338964,2021ELECkWh,Regional District
1098,2021,BC Hydro,10080,1005937,North Okanagan,9000000,ELEC,kWh,MIXED,20412809.744298708,47,198.00422185920186,2021ELECkWh,Regional District
1107,2021,BC Hydro,10080,1005907,Okanagan-Similkameen,9000000,ELEC,kWh,MIXED,1013814.9686080216,26,9.83400357339386,2021ELECkWh,Regional District
1111,2021,BC Hydro,10080,1005955,Peace River,9000000,ELEC,kWh,MIXED,15485421.507898571,65,150.20856384994173,2021ELECkWh,Regional District
1125,2021,BC Hydro,10080,5927008,Powell River,1005927,ELEC,kWh,MIXED,5857781.28158271,7,56.82046905890224,2021ELECkWh,Regional District
1126,2021,BC Hydro,10080,1005927,Powell River,9000000,ELEC,kWh,MIXED,6111238.329949377,20,59.27900202252763,2021ELECkWh,Regional District
1144,2021,BC Hydro,10080,1005947,Skeena-Queen Charlotte,9000000,ELEC,kWh,MIXED,7821858.125480184,74,75.87201130218479,2021ELECkWh,Regional District
1151,2021,BC Hydro,10080,1005931,Squamish-Lillooet,9000000,ELEC,kWh,MIXED,4308301.134557653,19,41.79051411192742,2021ELECkWh,Regional District
1154,2021,BC Hydro,10080,1005957,Stikine,9000000,ELEC,kWh,MIXED,530968.7803059706,15,5.150396319417866,2021ELECkWh,Regional District
1156,2021,BC Hydro,10080,1005924,Strathcona,9000000,ELEC,kWh,MIXED,16082784.049326284,50,156.00297954601047,2021ELECkWh,Regional District
1159,2021,BC Hydro,10080,1005929,Sunshine Coast,9000000,ELEC,kWh,MIXED,3285290.0326479925,11,31.867308060221472,2021ELECkWh,Regional District
1166,2021,BC Hydro,10080,1005933,Thompson-Nicola,9000000,ELEC,kWh,MIXED,9310910.13329256,129,90.31581339548161,2021ELECkWh,Regional District
5604,2021,Fortis Electric,10010,1005903,Central Kootenay,9000000,ELEC,kWh,Res,234349269,19589,2273.1875343411693,2021ELECkWh,Regional District
5605,2021,Fortis Electric,10010,1005905,Kootenay Boundary,9000000,ELEC,kWh,Res,160490688.02999997,15499.999999999998,1556.7594171058988,2021ELECkWh,Regional District
5606,2021,Fortis Electric,10010,1005907,Okanagan-Similkameen,9000000,ELEC,kWh,Res,266067010.99999994,23244,2580.8495809927817,2021ELECkWh,Regional District
5607,2021,Fortis Electric,10010,1005935,Central Okanagan,9000000,ELEC,kWh,Res,706234217,68864,6850.470774925253,2021ELECkWh,Regional District
5634,2021,Fortis Electric,10010,1005903,Central Kootenay,9000000,ELEC,kWh,CSMI,398145312.38,3218,3862.0088930535,2021ELECkWh,Regional District
5635,2021,Fortis Electric,10010,1005905,Kootenay Boundary,9000000,ELEC,kWh,CSMI,331405054.27000004,2619,3214.6284961709134,2021ELECkWh,Regional District
5636,2021,Fortis Electric,10010,1005907,Okanagan-Similkameen,9000000,ELEC,kWh,CSMI,701822148.23,4454,6807.673714915562,2021ELECkWh,Regional District
5637,2021,Fortis Electric,10010,1005935,Central Okanagan,9000000,ELEC,kWh,CSMI,723219930.7199999,9429,7015.23217083211,2021ELECkWh,Regional District
11239,2021,New Westminster Electrical Utility,10180,1005915,Metro-Vancouver,9000000,ELEC,kWh,Res,215322686,34557,2088.6297096837025,2021ELECkWh,Regional District
11240,2021,New Westminster Electrical Utility,10180,1005915,Metro-Vancouver,9000000,ELEC,kWh,CSMI,231008068,2566,2240.777889987091,2021ELECkWh,Regional District
11291,2021,Nelson Electric,10170,1005903,Central Kootenay,9000000,ELEC,kWh,Res,104415281,9570,1012.8280586355504,2021ELECkWh,Regional District
11292,2021,Nelson Electric,10170,1005903,Central Kootenay,9000000,ELEC,kWh,CSMI,47915022,1301,464.7756367359648,2021ELECkWh,Regional District
11359,2021,City of Grand Forks,10220,1005905,Kootenay Boundary,9000000,ELEC,kWh,Res,18094000,1937,175.5117710496,2021ELECkWh,Regional District
11360,2021,City of Grand Forks,10220,1005905,Kootenay Boundary,9000000,ELEC,kWh,CSMI,16671000,332,161.7086733264,2021ELECkWh,Regional District
11407,2021,City of Penticton ,10210,1005907,Okanagan-Similkameen,9000000,ELEC,kWh,Res,175827302,17686,1705.5245480763167,2021ELECkWh,Regional District
11408,2021,City of Penticton ,10210,1005907,Okanagan-Similkameen,9000000,ELEC,kWh,CSMI,157494147,1878,1527.6929739093648,2021ELECkWh,Regional District
11549,2021,City of Summerland ,10200,1005907,Okanagan-Similkameen,9000000,ELEC,kWh,Res,63927327,5528,620.0949696162768,2021ELECkWh,Regional District
11550,2021,City of Summerland ,10200,1005907,Okanagan-Similkameen,9000000,ELEC,kWh,CSMI,26567962,538,257.7091888912608,2021ELECkWh,Regional District
