,name,x,y,type,v_nom,substation_type
0,63_CSC_JCT,-117.825132,49.077720,ac,63,JCT
1,63_CSC_DSS,-117.825132,49.077720,ac,63,DSS
2,63_CHR_JCT,-118.212538,49.035132,ac,63,JCT
3,63_RUC_JCT,-118.436004,49.027013,ac,63,JCT
4,63_GFT_TSS,-118.473626,49.047464,ac,63,TSS
5,63_CHR_DSS,-118.212538,49.035132,ac,63,DSS
6,63_BRA_ISS,-118.427409,49.026585,ac,63,ISS
7,63_RUC_DSS,-118.436004,49.027013,ac,63,DSS
8,63_WTS_TSS,-117.739732,49.105169,ac,63,TSS
9,161_GFT_TSS,-118.473626,49.047464,ac,161,TSS
10,161_ASM_TSS,-117.732791,49.101066,ac,161,TSS
11,161_KET_DSS,-118.933942,49.048282,ac,161,DSS
12,63_KCL_GSS,-117.517897,49.453258,ac,63,GSS
13,63_SLC_GSS,-117.519712,49.455487,ac,63,GSS
14,63_WHS_TSS,-117.613121,49.006754,ac,63,TSS
15,63_WAN_GSS,-117.612867,49.004148,ac,63,GSS
16,63_ESS_SWS,-117.732180,49.102155,ac,63,SWS
17,63_BEP_DSS,-117.609035,49.070782,ac,63,DSS
18,63_PAS_DSS,-117.649046,49.542055,ac,63,DSS
19,63_VAL_DSS,-117.468079,49.759672,ac,63,DSS
20,63_STY_DSS,-117.726748,49.114567,ac,63,DSS
21,138_SKK_GSS,-122.034255,49.711062,ac,138,GSS
22,138_BSV_GSS,-121.859106,49.693045,ac,138,GSS
23,138_FRE_GSS,-122.234664,49.783363,ac,138,GSS
24,138_DGL_GSS,-122.150954,49.767563,ac,138,GSS
25,138_KWL_TSS,-122.205792,49.759520,ac,138,TSS
26,138_TPA_GSS,-122.162222,49.740918,ac,138,GSS
27,138_USR_GSS,-122.350299,49.566047,ac,138,GSS
28,138_NWS_GSS,-122.462532,49.628056,ac,138,GSS
29,138_UHT_DSS,-122.205199,49.759134,ac,138,DSS
30,138_LMN_GSS,-122.344598,49.568962,ac,138,GSS
31,138_TWY_GSS,-122.079577,49.703790,ac,138,GSS
32,138_BRE_GSS,-122.079928,49.704157,ac,138,GSS
33,138_TRE_GSS,-122.032922,49.628402,ac,138,GSS
34,138_SHA_JCT,-123.595778,48.648354,ac,138,JCT
35,138_GOW_DSS,-123.421097,48.490141,ac,138,DSS
36,138_VIT_TSS,-123.716421,48.827340,ac,138,TSS
37,138_SHA_DSS,-123.595778,48.648354,ac,138,DSS
38,138_KSH_JCT,-123.711786,48.761223,ac,138,JCT
39,138_KSH_DSS,-123.711786,48.761223,ac,138,DSS
40,138_GTP_DSS,-123.359952,48.473831,ac,138,DSS
41,138_ARN_DSS,-123.041678,49.092139,ac,138,DSS
42,138_GLS_JCT,-123.361716,48.904479,ac,138,JCT
43,138_SAL_JCT,-123.515739,48.857399,ac,138,JCT
44,138_GLS_DSS,-123.361716,48.904479,ac,138,DSS
45,138_SAL_DSS,-123.515739,48.857399,ac,138,DSS
46,138_WFR_JCT,-123.254708,49.667149,ac,138,JCT
47,138_BOX_JCT,-123.426733,49.600618,ac,138,JCT
48,138_GIB_DSS,-123.514089,49.409190,ac,138,DSS
49,138_CKY_DSS,-123.160951,49.790166,ac,138,DSS
50,138_BOX_GSS,-123.426733,49.600618,ac,138,GSS
51,138_WFR_DSS,-123.254708,49.667149,ac,138,DSS
52,138_SEC_DSS,-123.752228,49.476710,ac,138,DSS
53,138_GPT_JCT,-124.514528,49.805372,ac,138,JCT
54,138_FVW_JCT,-124.530304,49.861363,ac,138,JCT
55,138_SAY_DSS,-124.177210,49.787100,ac,138,DSS
56,138_POW_DSS,-124.552253,49.877628,ac,138,DSS
57,138_FVW_DSS,-124.530304,49.861363,ac,138,DSS
58,138_GPT_DSS,-124.514528,49.805372,ac,138,DSS
59,138_PHR_DSS,-123.965500,49.640080,ac,138,DSS
60,138_MSA_DSS,-123.960396,49.668833,ac,138,DSS
61,138_NIT_JCT,-123.715786,49.805758,ac,138,JCT
62,138_NIT_GSS,-123.715786,49.805758,ac,138,GSS
63,138_SKO_GSS,-122.995573,49.720472,ac,138,GSS
64,138_BHL_GSS,-123.515924,49.748008,ac,138,GSS
65,138_BRK_DSS,-123.517237,49.751928,ac,138,DSS
66,138_COM_GSS,-123.532622,49.711246,ac,138,GSS
67,138_LCH_GSS,-123.397341,49.817606,ac,138,GSS
68,138_SCG_JCT,-123.548070,49.677482,ac,138,JCT
69,138_UCH_GSS,-123.446116,49.854277,ac,138,GSS
70,138_BHU_GSS,-123.572093,49.795389,ac,138,GSS
71,138_SCG_GSS,-123.548070,49.677482,ac,138,GSS
72,138_HLD_DSS,-120.807571,50.407364,ac,138,DSS
73,138_HVC_JCT,-121.020656,50.470748,ac,138,JCT
74,138_LLD_ISS,-121.192835,50.557952,ac,138,ISS
75,138_STL_DSS,-121.295479,50.557884,ac,138,DSS
76,138_HVC_DSS,-121.020656,50.470748,ac,138,DSS
77,138_KCH_GSS,-121.567135,50.105063,ac,138,GSS
78,138_DMR_DSS,-124.671575,49.392836,ac,138,DSS
79,138_BKB_JCT,-124.878651,49.547759,ac,138,JCT
80,138_CMX_JCT,-124.968297,49.713669,ac,138,JCT
81,138_OYR_JCT,-125.250716,49.902714,ac,138,JCT
82,138_JHT_GSS,-125.310392,50.042998,ac,138,GSS
83,138_BKB_DSS,-124.878651,49.547759,ac,138,DSS
84,138_CMX_DSS,-124.968297,49.713669,ac,138,DSS
85,138_OYR_DSS,-125.250716,49.902714,ac,138,DSS
86,138_CBL_JCT,-125.253671,50.020327,ac,138,JCT
87,138_PUN_GSS,-125.093905,49.664965,ac,138,GSS
88,138_CBL_DSS,-125.253671,50.020327,ac,138,DSS
89,138_ICG_JCT,-125.281878,50.069090,ac,138,JCT
90,138_EFM_ISS,-125.280099,50.070844,ac,138,ISS
91,138_ICG_GSS,-125.281878,50.069090,ac,138,GSS
92,138_PAL_DSS,-124.810406,49.250630,ac,138,DSS
93,138_SWN_JCT,-123.908304,49.077789,ac,138,JCT
94,138_PVO_DSS,-123.737845,48.823939,ac,138,DSS
95,138_HWW_DSS,-123.950849,49.122453,ac,138,DSS
96,138_SWN_DSS,-123.908304,49.077789,ac,138,DSS
97,138_JPT_DSS,-124.021431,49.171795,ac,138,DSS
98,138_NFD_DSS,-123.997391,49.190750,ac,138,DSS
99,138_HWD_JCT,-123.930726,49.134548,ac,138,JCT
100,138_NEX_JCT,-123.866226,49.139261,ac,138,JCT
101,138_HMC_ISS,-123.860753,49.135513,ac,138,ISS
102,138_NEX_ISS,-123.866226,49.139261,ac,138,ISS
103,138_LTZ_JCT,-124.074971,49.226638,ac,138,JCT
104,138_PVL_JCT,-124.322478,49.302845,ac,138,JCT
105,138_QLC_JCT,-124.439657,49.331332,ac,138,JCT
106,138_LTZ_DSS,-124.074971,49.226638,ac,138,DSS
107,138_PVL_DSS,-124.322478,49.302845,ac,138,DSS
108,138_QLC_DSS,-124.439657,49.331332,ac,138,DSS
109,138_LDR_GSS,-125.390946,50.017035,ac,138,GSS
110,138_SCA_GSS,-125.585578,49.998082,ac,138,GSS
111,138_GLD_DSS,-126.064258,49.789185,ac,138,DSS
112,138_LDY_JCT,-123.815206,48.983384,ac,138,JCT
113,138_LDY_DSS,-123.815206,48.983384,ac,138,DSS
114,138_HWD_DSS,-123.930726,49.134548,ac,138,DSS
115,138_PML_JCT,-127.078809,50.572446,ac,138,JCT
116,138_KGH_DSS,-127.291702,50.604167,ac,138,DSS
117,138_KKS_GSS,-126.875511,50.519857,ac,138,GSS
118,138_PML_DSS,-127.078809,50.572446,ac,138,DSS
119,138_GCL_DSS,-124.962048,49.317582,ac,138,DSS
120,138_MRH_JCT,-127.431582,50.523425,ac,138,JCT
121,138_JUL_DSS,-127.495281,50.440537,ac,138,DSS
122,138_MRH_ISS,-127.431582,50.523425,ac,138,ISS
123,138_CMH_JCT,-126.419183,49.800891,ac,138,JCT
124,138_TSV_DSS,-126.651101,49.923290,ac,138,DSS
125,138_ZBT_TSS,-126.659707,49.923849,ac,138,TSS
126,138_ZBL_GSS,-126.779654,50.053521,ac,138,GSS
127,138_CMH_ISS,-126.419183,49.800891,ac,138,ISS
128,138_GRP_ISS,-126.125794,49.684001,ac,138,ISS
129,138_PHY_DSS,-127.498360,50.713864,ac,138,DSS
130,138_MHY_JCT,-123.886247,49.037555,ac,138,JCT
131,138_MHY_DSS,-123.886247,49.037555,ac,138,DSS
132,138_CFT_GSS,-123.650029,48.875707,ac,138,GSS
133,138_CSS_GSS,-128.003295,50.789021,ac,138,GSS
134,138_ASH_GSS,-125.150629,49.373363,ac,138,GSS
135,138_SOO_JCT,-123.698909,48.390950,ac,138,JCT
136,138_CLD_DSS,-123.509949,48.441961,ac,138,DSS
137,138_JOR_GSS,-124.052251,48.429655,ac,138,GSS
138,138_SOO_DSS,-123.698909,48.390950,ac,138,DSS
139,138_WOS_JCT,-126.594515,50.217612,ac,138,JCT
140,138_BVC_JCT,-126.881997,50.519635,ac,138,JCT
141,138_KTS_TSS,-126.875496,50.519997,ac,138,TSS
142,138_BVC_DSS,-126.881997,50.519635,ac,138,DSS
143,138_WOS_DSS,-126.594515,50.217612,ac,138,DSS
144,138_MON_DSS,-118.147711,49.920452,ac,138,DSS
145,138_LU2_JCT,-119.014352,50.228009,ac,138,JCT
146,138_TIL_JCT,-119.093948,50.232926,ac,138,JCT
147,138_VNT_TSS,-119.228870,50.251765,ac,138,TSS
148,138_LU2_ISS,-119.014352,50.228009,ac,138,ISS
149,138_TIL_DSS,-119.093948,50.232926,ac,138,DSS
150,138_SVA_DSS,-120.800520,50.754923,ac,138,DSS
151,138_AFN_JCT,-120.499705,50.661930,ac,138,JCT
152,138_TMT_JCT,-120.412978,50.663387,ac,138,JCT
153,138_DUG_DSS,-120.312386,50.667347,ac,138,DSS
154,138_AFN_ISS,-120.499705,50.661930,ac,138,ISS
155,138_TMT_DSS,-120.412978,50.663387,ac,138,DSS
156,138_WKA_DSS,-120.383898,50.673972,ac,138,DSS
157,138_LF2_JCT,-120.063122,50.660602,ac,138,JCT
158,138_CHS_JCT,-119.705148,50.822393,ac,138,JCT
159,138_VVW_DSS,-120.282704,50.680084,ac,138,DSS
160,138_STO_JCT,-119.461902,50.867666,ac,138,JCT
161,138_SAM_DSS,-119.251648,50.691570,ac,138,DSS
162,138_CHS_DSS,-119.705148,50.822393,ac,138,DSS
163,138_LF2_ISS,-120.063122,50.660602,ac,138,ISS
164,138_STO_DSS,-119.461902,50.867666,ac,138,DSS
165,138_TMM_JCT,-119.447283,51.676514,ac,138,JCT
166,138_AVO_JCT,-119.326941,51.784162,ac,138,JCT
167,138_HFY_JCT,-120.267836,50.848695,ac,138,JCT
168,138_BAR_JCT,-120.133696,51.199744,ac,138,JCT
169,138_DFD_JCT,-120.177132,51.312812,ac,138,JCT
170,138_BLP_JCT,-120.161423,51.566111,ac,138,JCT
171,138_CLW_JCT,-120.034367,51.654471,ac,138,JCT
172,138_TOK_JCT,-120.272429,50.843145,ac,138,JCT
173,138_BKL_DSS,-120.385272,50.708869,ac,138,DSS
174,138_VBY_JCT,-119.753658,51.590372,ac,138,JCT
175,138_AVO_DSS,-119.326941,51.784162,ac,138,DSS
176,138_BAR_DSS,-120.133696,51.199744,ac,138,DSS
177,138_BLP_DSS,-120.161423,51.566111,ac,138,DSS
178,138_CLW_DSS,-120.034367,51.654471,ac,138,DSS
179,138_DFD_DSS,-120.177132,51.312812,ac,138,DSS
180,138_HFY_DSS,-120.267836,50.848695,ac,138,DSS
181,138_TMM_DSS,-119.447283,51.676514,ac,138,DSS
182,138_TOK_DSS,-120.272429,50.843145,ac,138,DSS
183,138_VBY_DSS,-119.753658,51.590372,ac,138,DSS
184,138_BLE_JCT,-119.306182,52.109612,ac,138,JCT
185,138_BLU_JCT,-119.319039,52.117035,ac,138,JCT
186,138_FPS_JCT,-119.320800,51.913607,ac,138,JCT
187,138_BET_DSS,-119.181219,52.256067,ac,138,DSS
188,138_BLE_DSS,-119.306182,52.109612,ac,138,DSS
189,138_BLU_DSS,-119.319039,52.117035,ac,138,DSS
190,138_FPS_DSS,-119.320800,51.913607,ac,138,DSS
191,138_VLM_DSS,-119.281967,52.782441,ac,138,DSS
192,138_REG_DSS,-119.348863,52.971165,ac,138,DSS
193,138_END_JCT,-119.144683,50.560141,ac,138,JCT
194,138_ARM_JCT,-119.183626,50.448557,ac,138,JCT
195,138_RVG_JCT,-119.227221,50.393909,ac,138,JCT
196,138_RVS_JCT,-119.227242,50.393977,ac,138,JCT
197,138_ARM_DSS,-119.183626,50.448557,ac,138,DSS
198,138_END_DSS,-119.144683,50.560141,ac,138,DSS
199,138_RVG_GSS,-119.227221,50.393909,ac,138,GSS
200,138_RVS_DSS,-119.227242,50.393977,ac,138,DSS
201,138_KWD_DSS,-120.399903,50.685790,ac,138,DSS
202,138_WEY_ISS,-120.391543,50.691042,ac,138,ISS
203,138_CPL_JCT,-119.176882,52.388424,ac,138,JCT
204,138_ABA_JCT,-119.192804,52.660152,ac,138,JCT
205,138_ABA_DSS,-119.192804,52.660152,ac,138,DSS
206,138_BNC_GSS,-119.180830,52.255330,ac,138,GSS
207,138_CPL_DSS,-119.176882,52.388424,ac,138,DSS
208,138_STM_JCT,-120.447101,50.325516,ac,138,JCT
209,138_NIC_TSS,-120.389839,50.180236,ac,138,TSS
210,138_STM_ISS,-120.447101,50.325516,ac,138,ISS
211,138_PSW_JCT,-120.109281,49.925611,ac,138,JCT
212,138_BDM_JCT,-119.994568,49.870395,ac,138,JCT
213,138_WBK_DSS,-119.619277,49.848423,ac,138,DSS
214,138_BDM_ISS,-119.994568,49.870395,ac,138,ISS
215,138_PSW_GSS,-120.109281,49.925611,ac,138,GSS
216,138_WGS_GSS,-118.071814,49.910565,ac,138,GSS
217,138_MIG_GSS,-120.795714,50.097098,ac,138,GSS
218,138_MRT_DSS,-120.774345,50.119055,ac,138,DSS
219,138_PRI_JCT,-120.501984,49.457266,ac,138,JCT
220,138_CUM_JCT,-120.508894,49.345911,ac,138,JCT
221,138_SCO_DSS,-120.551645,49.353063,ac,138,DSS
222,138_CUM_DSS,-120.508894,49.345911,ac,138,DSS
223,138_GRH_JCT,-114.856124,50.059161,ac,138,JCT
224,138_BCK_JCT,-114.942938,50.247937,ac,138,JCT
225,138_LCC_JCT,-114.850924,49.884134,ac,138,JCT
226,138_EFD_JCT,-114.925628,50.028575,ac,138,JCT
227,138_FRO_JCT,-114.943039,50.247904,ac,138,JCT
228,,,,ac,138,
229,138_NTL_DSS,-114.858257,49.735535,ac,138,DSS
230,138_BCK_ISS,-114.942938,50.247937,ac,138,ISS
231,138_EFD_DSS,-114.925628,50.028575,ac,138,DSS
232,138_FRO_ISS,-114.943039,50.247904,ac,138,ISS
233,138_GRH_ISS,-114.856124,50.059161,ac,138,ISS
234,138_LCC_ISS,-114.850924,49.884134,ac,138,ISS
235,138_BMT_DSS,-120.446507,55.763714,ac,138,DSS
236,138_DAW_DSS,-120.264721,55.778877,ac,138,DSS
237,138_CWD_DSS,-121.630620,55.702259,ac,138,DSS
238,138_SLS_DSS,-121.351887,55.714085,ac,138,DSS
239,138_BMW_GSS,-120.426360,55.704126,ac,138,GSS
240,138_NL3_JCT,-120.356588,55.344119,ac,138,JCT
241,138_NL2_ISS,-120.253925,55.278186,ac,138,ISS
242,138_NL5_JCT,-120.432370,55.414509,ac,138,JCT
243,138_NL3_ISS,-120.356588,55.344119,ac,138,ISS
244,138_NL5_ISS,-120.432370,55.414509,ac,138,ISS
245,138_FNG_GSS,-122.693082,58.651699,ac,138,GSS
246,138_WSP_DSS,-122.701609,58.724172,ac,138,DSS
247,138_E42_JCT,-120.528629,55.786875,ac,138,JCT
248,138_E15_JCT,-120.569205,55.880813,ac,138,JCT
249,138_KIS_ISS,-120.560488,55.877658,ac,138,ISS
250,138_E15_ISS,-120.569205,55.880813,ac,138,ISS
251,138_E42_ISS,-120.528629,55.786875,ac,138,ISS
252,138_KLC_JCT,-122.252556,58.627855,ac,138,JCT
253,138_FNC_JCT,-120.067751,58.645250,ac,138,JCT
254,138_FNC_ISS,-120.067751,58.645250,ac,138,ISS
255,138_KLC_DSS,-122.252556,58.627855,ac,138,DSS
256,138_SBK_DSS,-120.909356,56.180774,ac,138,DSS
257,138_TAY_DSS,-120.720662,56.181793,ac,138,DSS
258,138_GMS_GSS,-122.197188,56.013887,ac,138,GSS
259,138_FOX_JCT,-120.973982,56.678386,ac,138,JCT
260,138_FJN_DSS,-120.819985,56.226627,ac,138,DSS
261,138_PPS_JCT,-122.090366,56.016369,ac,138,JCT
262,138_FOX_DSS,-120.973982,56.678386,ac,138,DSS
263,138_PPS_DSS,-122.090366,56.016369,ac,138,DSS
264,138_MWN_JCT,-122.641038,54.428895,ac,138,JCT
265,138_KDS_DSS,-122.788399,55.070415,ac,138,DSS
266,138_SVY_DSS,-122.621031,54.144222,ac,138,DSS
267,138_MWN_DSS,-122.641038,54.428895,ac,138,DSS
268,138_TBN_JCT,-123.158501,55.295451,ac,138,JCT
269,138_FCC_ISS,-123.157173,55.291563,ac,138,ISS
270,138_MFE_DSS,-123.112472,55.319491,ac,138,DSS
271,138_TBN_DSS,-123.158501,55.295451,ac,138,DSS
272,138_PRS_JCT,-123.181066,55.336604,ac,138,JCT
273,138_FFI_ISS,-123.166176,55.321408,ac,138,ISS
274,138_PRS_DSS,-123.181066,55.336604,ac,138,DSS
275,138_TXB_DSS,-120.138347,56.338013,ac,138,DSS
276,138_NGL_ISS,-120.666900,56.148665,ac,138,ISS
277,138_FBC_JCT,-120.654479,56.143947,ac,138,JCT
278,138_MCM_JCT,-120.671073,56.146330,ac,138,JCT
279,138_FBC_DSS,-120.654479,56.143947,ac,138,DSS
280,138_MCM_GSS,-120.671073,56.146330,ac,138,GSS
281,138_MGP_ISS,-120.668918,56.144208,ac,138,ISS
282,138_PLD_JCT,-120.448684,55.910947,ac,138,JCT
283,138_SEP_JCT,-120.874874,56.033714,ac,138,JCT
284,138_ET3_JCT,-120.650154,56.002866,ac,138,JCT
285,138_ET3_ISS,-120.650154,56.002866,ac,138,ISS
286,138_PLD_DSS,-120.448684,55.910947,ac,138,DSS
287,138_SEP_DSS,-120.874874,56.033714,ac,138,DSS
288,138_AYH_DSS,-128.991873,55.280931,ac,138,DSS
289,138_EWL_JCT,-129.115236,56.014668,ac,138,JCT
290,138_MEZ_JCT,-129.382914,56.108431,ac,138,JCT
291,138_LNT_DSS,-129.942502,56.004113,ac,138,DSS
292,138_EWL_DSS,-129.115236,56.014668,ac,138,DSS
293,138_MEZ_DSS,-129.382914,56.108431,ac,138,DSS
294,138_PBL_JCT,-125.450021,54.154288,ac,138,JCT
295,138_BRN_JCT,-125.759190,54.240294,ac,138,JCT
296,138_GLN_DSS,-125.015718,54.074358,ac,138,DSS
297,138_TPY_DSS,-126.293668,54.520480,ac,138,DSS
298,138_BRN_DSS,-125.759190,54.240294,ac,138,DSS
299,138_PBL_ISS,-125.450021,54.154288,ac,138,ISS
300,138_TKW_DSS,-126.765503,54.515284,ac,138,DSS
301,138_SRS_DSS,-127.145775,54.771328,ac,138,DSS
302,138_SKA_DSS,-128.632826,54.452280,ac,138,DSS
303,138_BAB_DSS,-126.204410,54.877863,ac,138,DSS
304,138_HUS_DSS,-126.668508,54.392877,ac,138,DSS
305,138_HFP_ISS,-126.712969,54.377637,ac,138,ISS
306,138_HML_DSS,-127.166748,53.677340,ac,138,DSS
307,138_HZN_DSS,-127.616310,55.242006,ac,138,DSS
308,138_NHS_ISS,-126.711132,54.383939,ac,138,ISS
309,138_EQU_ISS,-126.623444,54.381674,ac,138,ISS
310,138_WNR_JCT,-129.967992,55.952871,ac,138,JCT
311,138_STW_DSS,-129.980589,55.947779,ac,138,DSS
312,138_WNR_ISS,-129.967992,55.952871,ac,138,ISS
313,138_BJT_TSS,-130.027863,56.058365,ac,138,TSS
314,138_LNL_GSS,-130.018495,56.062314,ac,138,GSS
315,138_BJK_ISS,-130.186168,56.465557,ac,138,ISS
316,63_GLM_DSS,-117.675065,49.093084,ac,63,DSS
317,63_FRU_DSS,-117.540945,49.113139,ac,63,DSS
318,63_HER_DSS,-117.490252,49.173467,ac,63,DSS
319,63_SLM_DSS,-117.276773,49.193600,ac,63,DSS
320,63_LBO_GSS,-117.500425,49.461709,ac,63,GSS
321,63_USS_SWS,-117.483272,49.460960,ac,63,SWS
322,63_COR_GSS,-117.468630,49.468877,ac,63,GSS
323,63_TAR_DSS,-117.551725,49.392719,ac,63,DSS
324,63_PLA_DSS,-117.533848,49.447295,ac,63,DSS
325,63_BSS_SWS,-117.612792,49.322809,ac,63,SWS
326,63_OOT_DSS,-117.626652,49.289486,ac,63,DSS
327,63_BLB_DSS,-117.657426,49.250951,ac,63,DSS
328,63_BLB_JCT,-117.657426,49.250951,ac,63,JCT
329,63_CAS_DSS,-117.659423,49.310110,ac,63,DSS
330,63_KRA_GSS,-117.727550,49.336056,ac,63,GSS
331,63_WST_DSS,-117.738027,49.336884,ac,63,DSS
332,63_NLS_DSS,-117.296229,49.493375,ac,63,DSS
333,63_YMR_DSS,-117.225007,49.286782,ac,63,DSS
334,63_COT_DSS,-117.247544,49.427927,ac,63,DSS
335,63_RSM_DSS,-117.302945,49.484547,ac,63,DSS
336,63_UBO_GSS,-117.484182,49.460113,ac,63,GSS
337,230_PEM_JCT,-122.804413,50.321893,ac,230,JCT
338,230_BRT_TSS,-122.252330,50.725620,ac,230,TSS
339,230_TIS_DSS,-122.859303,50.279475,ac,230,DSS
340,230_FCN_DSS,-123.034464,50.090404,ac,230,DSS
341,230_RBW_JCT,-122.954513,50.132830,ac,230,JCT
342,230_PEM_DSS,-122.804413,50.321893,ac,230,DSS
343,230_RBW_DSS,-122.954513,50.132830,ac,230,DSS
344,230_CKY_DSS,-123.160951,49.790166,ac,230,DSS
345,230_RUT_JCT,-122.866954,50.272697,ac,230,JCT
346,230_RUT_GSS,-122.866954,50.272697,ac,230,GSS
347,230_WLT_DSS,-123.026066,49.310017,ac,230,DSS
348,230_HPN_DSS,-123.017942,49.266802,ac,230,DSS
349,230_CAM_JCT,-123.063075,49.190898,ac,230,JCT
350,230_CAM_DSS,-123.063075,49.190898,ac,230,DSS
351,230_ING_DSS,-122.873948,49.158898,ac,230,DSS
352,230_KI2_DSS,-123.115357,49.198157,ac,230,DSS
353,230_SYH_JCT,-122.875167,49.136398,ac,230,JCT
354,230_ARN_DSS,-123.041678,49.092139,ac,230,DSS
355,230_SYH_DSS,-122.875167,49.136398,ac,230,DSS
356,230_LYN_DSS,-123.044226,49.328014,ac,230,DSS
357,230_BSY_TSS,-122.890825,49.299059,ac,230,TSS
358,230_ASL_JCT,-123.325032,49.914338,ac,230,JCT
359,230_CMS_GSS,-123.290985,49.933702,ac,230,GSS
360,230_ASL_GSS,-123.325032,49.914338,ac,230,GSS
361,230_CYP_DSS,-123.232133,49.356864,ac,230,DSS
362,230_BR1_GSS,-122.240038,50.729850,ac,230,GSS
363,230_CSQ_DSS,-123.115545,49.282561,ac,230,DSS
364,230_MPT_DSS,-123.111687,49.265491,ac,230,DSS
365,230_MDN_DSS,-122.806744,49.309694,ac,230,DSS
366,230_WHY_DSS,-122.836612,49.190124,ac,230,DSS
367,230_JMC_GSS,-124.024891,50.604008,ac,230,GSS
368,230_ETR_GSS,-123.960276,50.675081,ac,230,GSS
369,230_PSY_TSS,-124.176334,49.787741,ac,230,TSS
370,230_SAY_DSS,-124.177210,49.787100,ac,230,DSS
371,230_MTC_GSS,-124.187332,50.623136,ac,230,GSS
372,230_MUR_DSS,-123.101318,49.277984,ac,230,DSS
373,230_COK_DSS,-122.797013,49.262255,ac,230,DSS
374,230_NEL_DSS,-122.962930,49.217765,ac,230,DSS
375,230_BND_DSS,-122.900721,49.262113,ac,230,DSS
376,230_BDH_JCT,-123.405928,50.635524,ac,230,JCT
377,230_ULR_GSS,-123.447636,50.657000,ac,230,GSS
378,230_BDH_GSS,-123.405928,50.635524,ac,230,GSS
379,230_SPG_DSS,-123.152465,49.249670,ac,230,DSS
380,230_CSN_DSS,-123.197669,49.249427,ac,230,DSS
381,230_MSA_DSS,-123.960396,49.668833,ac,230,DSS
382,230_HSP_ISS,-123.489978,49.523649,ac,230,ISS
383,230_MAN_DSS,-123.079088,49.226829,ac,230,DSS
384,230_STV_DSS,-123.146856,49.132579,ac,230,DSS
385,230_FLW_DSS,-122.787696,49.137377,ac,230,DSS
386,230_MLN_DSS,-122.682448,49.098957,ac,230,DSS
387,230_MLE_DSS,-122.391564,49.068673,ac,230,DSS
388,230_CBN_DSS,-122.297098,49.069045,ac,230,DSS
389,230_ALZ_DSS,-122.009320,49.113555,ac,230,DSS
390,230_ROS_DSS,-121.775529,49.176415,ac,230,DSS
391,230_KLY_DSS,-121.739126,51.024755,ac,230,DSS
392,230_HMH_DSS,-121.284830,51.657461,ac,230,DSS
393,230_SVA_DSS,-120.800520,50.754923,ac,230,DSS
394,230_SCK_DSS,-122.215540,52.305565,ac,230,DSS
395,230_RBF_DSS,-122.466134,52.979769,ac,230,DSS
396,230_BLW_DSS,-122.429605,53.020438,ac,230,DSS
397,230_WSN_DSS,-122.608969,53.850230,ac,230,DSS
398,230_SVY_DSS,-122.621031,54.144222,ac,230,DSS
399,230_MIN_DSS,-128.709788,54.032377,ac,230,DSS
400,230_SKA_DSS,-128.632826,54.452280,ac,230,DSS
401,287_MHX_ISS,-128.683904,54.025899,ac,287,ISS
402,287_KMO_GSS,-127.942556,53.563171,ac,287,GSS
403,287_MIN_DSS,-128.709788,54.032377,ac,287,DSS
404,287_SKA_DSS,-128.632826,54.452280,ac,287,DSS
405,287_RUP_DSS,-130.231685,54.256795,ac,287,DSS
406,287_BQN_DSS,-130.265553,56.940264,ac,287,DSS
407,287_KIT_DSS,-129.428050,55.443113,ac,287,DSS
408,287_EUR_ISS,-128.699764,54.041270,ac,287,ISS
409,230_NLY_DSS,-117.341514,49.006447,ac,230,DSS
410,230_CBK_DSS,-115.580487,49.500543,ac,230,DSS
411,230_NTL_DSS,-114.858257,49.735535,ac,230,DSS
412,230_HWW_JCT,-123.950849,49.122453,ac,230,JCT
413,230_DMR_DSS,-124.671575,49.392836,ac,230,DSS
414,230_SAT_DSS,-123.800936,48.806831,ac,230,DSS
415,230_HWW_DSS,-123.950849,49.122453,ac,230,DSS
416,230_VIT_TSS,-123.716421,48.827340,ac,230,TSS
417,230_PIK_DSS,-123.458141,48.490565,ac,230,DSS
418,230_KTG_DSS,-123.412041,48.566978,ac,230,DSS
419,230_GTP_DSS,-123.359952,48.473831,ac,230,DSS
420,230_HSY_DSS,-123.366532,48.442601,ac,230,DSS
421,230_ESQ_DSS,-123.443729,48.460636,ac,230,DSS
422,230_GOW_DSS,-123.421097,48.490141,ac,230,DSS
423,230_BNT_DSS,-123.443713,48.460626,ac,230,DSS
424,230_GLD_DSS,-126.064258,49.789185,ac,230,DSS
425,230_SEV_GSS,-117.504098,49.030161,ac,230,GSS
426,230_SEL_TSS,-117.513304,49.059567,ac,230,TSS
427,230_ACK_DSS,-118.993459,50.561355,ac,230,DSS
428,230_SAM_DSS,-119.251648,50.691570,ac,230,DSS
429,230_REV_GSS,-118.193945,51.048563,ac,230,GSS
430,230_ILL_DSS,-118.204474,50.985679,ac,230,DSS
431,230_VNT_TSS,-119.228870,50.251765,ac,230,TSS
432,230_INV_DSS,-116.117825,50.495098,ac,230,DSS
433,230_KHS_DSS,-116.994352,51.281768,ac,230,DSS
434,230_NIC_TSS,-120.389839,50.180236,ac,230,TSS
435,230_VVW_DSS,-120.282704,50.680084,ac,230,DSS
436,230_AAL_DSS,-116.538111,49.140156,ac,230,DSS
437,230_KCL_GSS,-117.517897,49.453258,ac,230,GSS
438,230_QRP_ISS,-122.496573,53.007161,ac,230,ISS
439,230_GMS_GSS,-122.197188,56.013887,ac,230,GSS
440,230_DKT_DSS,-122.149231,55.823041,ac,230,DSS
441,230_SNK_DSS,-121.617935,55.502078,ac,230,DSS
442,230_SLS_DSS,-121.351887,55.714085,ac,230,DSS
443,230_MKT_SWS,-121.495056,55.262638,ac,230,SWS
444,230_MKL_GSS,-121.469056,55.285560,ac,230,GSS
445,230_KGP_JCT,-121.704628,55.382734,ac,230,JCT
446,230_KGP_ISS,-121.704628,55.382734,ac,230,ISS
447,230_MNK_JCT,-121.816612,55.393035,ac,230,JCT
448,230_MNK_ISS,-121.816612,55.393035,ac,230,ISS
449,230_DKW_GSS,-122.247353,55.811775,ac,230,GSS
450,230_TLR_DSS,-121.133945,55.148406,ac,230,DSS
451,230_QTY_GSS,-120.854677,55.184599,ac,230,GSS
452,230_KDS_DSS,-122.788399,55.070415,ac,230,DSS
453,230_MML_DSS,-124.021751,55.109972,ac,230,DSS
454,230_KMI_DSS,-126.758290,56.994182,ac,230,DSS
455,230_BCR_ISS,-121.132619,55.147518,ac,230,ISS
456,230_BLM_DSS,-121.468417,55.139244,ac,230,DSS
457,230_MRC_JCT,-121.045361,55.002841,ac,230,JCT
458,230_QNT_DSS,-120.998656,54.993365,ac,230,DSS
459,230_MRC_ISS,-121.045361,55.002841,ac,230,ISS
460,230_SGB_ISS,-121.139041,55.745537,ac,230,ISS
461,230_BMT_DSS,-120.446507,55.763714,ac,230,DSS
462,230_LAP_GSS,-121.565045,55.723487,ac,230,GSS
463,230_MLW_JCT,-121.298571,55.285633,ac,230,JCT
464,230_MLW_GSS,-121.298571,55.285633,ac,230,GSS
465,230_SRN_JCT,-121.066332,55.959057,ac,230,JCT
466,230_SST_ISS,-120.784616,55.925333,ac,230,ISS
467,230_SRN_ISS,-121.066332,55.959057,ac,230,ISS
468,230_GLN_DSS,-125.015718,54.074358,ac,230,DSS
469,230_TAC_DSS,-124.072755,54.000696,ac,230,DSS
470,287_TAT_DSS,-129.986960,57.713043,ac,287,DSS
471,287_RDC_ISS,-129.767309,57.733303,ac,287,ISS
472,287_FKR_GSS,-130.686601,56.717162,ac,287,GSS
473,287_SGB_ISS,-121.139041,55.745537,ac,287,ISS
474,287_SBK_DSS,-120.909356,56.180774,ac,287,DSS
475,63_COF_DSS,-116.911291,49.699302,ac,63,DSS
476,63_AAL_DSS,-116.538111,49.140156,ac,63,DSS
477,63_CRE_DSS,-116.507052,49.090567,ac,63,DSS
478,63_CRA_DSS,-116.843028,49.684616,ac,63,DSS
479,63_ASM_TSS,-117.732791,49.101066,ac,63,TSS
480,63_KAS_DSS,-116.915728,49.905893,ac,63,DSS
481,360_BRT_TSS,-122.252330,50.725620,ac,360,TSS
482,360_SAC_DSS,-122.458518,49.992852,ac,360,DSS
483,360_UHT_DSS,-122.205199,49.759134,ac,360,DSS
484,360_ROS_DSS,-121.775529,49.176415,ac,360,DSS
485,360_WAH_GSS,-121.680665,49.236626,ac,360,GSS
486,360_BR2_GSS,-122.240038,50.729850,ac,360,GSS
487,360_BR1_GSS,-122.240038,50.729850,ac,360,GSS
488,230_BEN_TSS,-119.530109,49.189206,ac,230,TSS
489,230_VAS_TSS,-119.519618,49.251120,ac,230,TSS
490,63_KAL2_DSS,-119.606329,49.393585,ac,63,DSS
491,63_HUT_DSS,-119.597665,49.481405,ac,63,DSS
492,63_OKF_DSS,-119.570533,49.337607,ac,63,DSS
493,63_OLI_TSS,-119.535867,49.190117,ac,63,TSS
494,138_HED_DSS,-120.077169,49.350113,ac,138,DSS
495,138_MAS_ISS,-120.022661,49.369976,ac,138,ISS
496,138_PRI_DSS,-120.501984,49.457266,ac,138,DSS
497,138_BCG_ISS,-120.144106,49.376368,ac,138,ISS
498,138_KER_DSS,-119.828425,49.204088,ac,138,DSS
499,138_BEN_TSS,-119.530109,49.189206,ac,138,TSS
500,63_PNE_DSS,-119.543449,49.178610,ac,63,DSS
501,63_OSO_DSS,-119.468308,49.027821,ac,63,DSS
502,63_WES_DSS,-119.586929,49.500912,ac,63,DSS
503,63_AWA_DSS,-119.580131,49.590106,ac,63,DSS
504,63_RGA_TSS,-119.552286,49.480074,ac,63,TSS
505,138_LEE_TSS,-119.347162,49.906798,ac,138,TSS
506,138_DUC_DSS,-119.385564,50.009945,ac,138,DSS
507,63_WAT_DSS,-119.589084,49.461120,ac,63,DSS
508,161_BEN_TSS,-119.530109,49.189206,ac,161,TSS
509,63_TRC_DSS,-119.658704,49.570816,ac,63,DSS
510,63_SUM_DSS,-119.675686,49.600396,ac,63,DSS
511,63_WEB_DSS,-119.621609,49.508436,ac,63,DSS
512,138_SEX_DSS,-119.394379,49.918502,ac,138,DSS
513,138_GLE_DSS,-119.453951,49.885800,ac,138,DSS
514,138_SAU_DSS,-119.488029,49.882355,ac,138,DSS
515,138_HOL_JCT,-119.398886,49.872795,ac,138,JCT
516,138_REC_DSS,-119.488866,49.897235,ac,138,DSS
517,138_OKM_DSS,-119.488885,49.855181,ac,138,DSS
518,138_BEV_DSS,-119.453251,49.838535,ac,138,DSS
519,138_BLK_DSS,-119.332017,49.869703,ac,138,DSS
520,138_DGB_TSS,-119.446811,49.812052,ac,138,TSS
521,138_HOL_DSS,-119.398886,49.872795,ac,138,DSS
522,138_JRH_DSS,-119.332099,49.869823,ac,138,DSS
523,138_BWS_DSS,-118.963595,49.713500,ac,138,DSS
524,500_GMS_GSS,-122.197188,56.013887,ac,500,GSS
525,500_WSN_DSS,-122.608969,53.850230,ac,500,DSS
526,500_PCN_GSS,-121.994970,55.982571,ac,500,GSS
527,500_KDS_DSS,-122.788399,55.070415,ac,500,DSS
528,500_SBK_DSS,-120.909356,56.180774,ac,500,DSS
529,500_KLY_DSS,-121.739126,51.024755,ac,500,DSS
530,500_MSA_DSS,-123.960396,49.668833,ac,500,DSS
531,500_DMR_DSS,-124.671575,49.392836,ac,500,DSS
532,500_CKY_DSS,-123.160951,49.790166,ac,500,DSS
533,500_CBN_DSS,-122.297098,49.069045,ac,500,DSS
534,500_ING_DSS,-122.873948,49.158898,ac,500,DSS
535,500_KCH_GSS,-121.567135,50.105063,ac,500,GSS
536,500_MDN_DSS,-122.806744,49.309694,ac,500,DSS
537,500_GLN_DSS,-125.015718,54.074358,ac,500,DSS
538,500_TKW_DSS,-126.765503,54.515284,ac,500,DSS
539,500_SKA_DSS,-128.632826,54.452280,ac,500,DSS
540,500_MCA_GSS,-118.570515,52.075872,ac,500,GSS
541,500_NIC_TSS,-120.389839,50.180236,ac,500,TSS
542,500_REV_GSS,-118.193945,51.048563,ac,500,GSS
543,500_ACK_DSS,-118.993459,50.561355,ac,500,DSS
544,500_SEL_TSS,-117.513304,49.059567,ac,500,TSS
545,500_CBK_DSS,-115.580487,49.500543,ac,500,DSS
546,500_VAS_TSS,-119.519618,49.251120,ac,500,TSS
547,69_COK_DSS,-122.797013,49.262255,ac,69,DSS
548,69_BND_DSS,-122.900721,49.262113,ac,69,DSS
549,69_CQM_JCT,-122.775727,49.261316,ac,69,JCT
550,69_MRG_JCT,-122.623415,49.220314,ac,69,JCT
551,69_SFL_GSS,-122.356118,49.228836,ac,69,GSS
552,69_CQM_DSS,-122.775727,49.261316,ac,69,DSS
553,69_MRG_DSS,-122.623415,49.220314,ac,69,DSS
554,69_HNY_DSS,-122.552201,49.221010,ac,69,DSS
555,69_LB1_GSS,-122.873592,49.370560,ac,69,GSS
556,69_PCP_ISS,-122.884923,49.278277,ac,69,ISS
557,69_SHL_DSS,-122.974009,49.282917,ac,69,DSS
558,69_IOC_ISS,-122.884519,49.307344,ac,69,ISS
559,69_BAL_JCT,-122.579086,49.104227,ac,69,JCT
560,69_BAL_DSS,-122.579086,49.104227,ac,69,DSS
561,69_PKL_DSS,-122.630288,49.176575,ac,69,DSS
562,69_MLN_DSS,-122.682448,49.098957,ac,69,DSS
563,69_RUS_GSS,-122.408341,49.194973,ac,69,GSS
564,69_GLT_JCT,-122.468680,49.109385,ac,69,JCT
565,69_GLT_DSS,-122.468680,49.109385,ac,69,DSS
566,69_SZM_DSS,-121.409917,49.698373,ac,69,DSS
567,69_BBR_DSS,-121.441516,49.861915,ac,69,DSS
568,69_BBR_JCT,-121.441516,49.861915,ac,69,JCT
569,69_WAH_GSS,-121.680665,49.236626,ac,69,GSS
570,69_HOP_DSS,-121.428922,49.379607,ac,69,DSS
571,69_KEN_DSS,-121.783499,49.247641,ac,69,DSS
572,69_SFU_JCT,-122.915292,49.275463,ac,69,JCT
573,69_SFU_DSS,-122.915292,49.275463,ac,69,DSS
574,69_MIS_JCT,-122.316807,49.140856,ac,69,JCT
575,69_CBN_DSS,-122.297098,49.069045,ac,69,DSS
576,69_MIS_DSS,-122.316807,49.140856,ac,69,DSS
577,69_ALU_GSS,-122.312429,49.371009,ac,69,GSS
578,69_SLK_JCT,-122.342085,49.288678,ac,69,JCT
579,69_SLK_DSS,-122.342085,49.288678,ac,69,DSS
580,69_SVD_DSS,-122.357270,49.140991,ac,69,DSS
581,69_LB2_GSS,-122.873524,49.370567,ac,69,GSS
582,69_NWR_JCT,-122.915721,49.222013,ac,69,JCT
583,69_GSP_JCT,-122.891625,49.222176,ac,69,JCT
584,69_GSP_DSS,-122.891625,49.222176,ac,69,DSS
585,69_NRG_JCT,-122.863492,49.230014,ac,69,JCT
586,69_NRG_ISS,-122.863492,49.230014,ac,69,ISS
587,69_NWR_DSS,-122.915721,49.222013,ac,69,DSS
588,69_ESC_JCT,-122.768649,49.255982,ac,69,JCT
589,69_ESC_ISS,-122.768649,49.255982,ac,69,ISS
590,69_CLL_JCT,-121.650641,50.814632,ac,69,JCT
591,69_CRQ_DSS,-121.398841,50.886740,ac,69,DSS
592,69_PAV_JCT,-121.828051,50.882955,ac,69,JCT
593,69_SON_GSS,-121.924124,50.672742,ac,69,GSS
594,69_CLL_ISS,-121.650641,50.814632,ac,69,ISS
595,69_PAV_DSS,-121.828051,50.882955,ac,69,DSS
596,69_WDN_JCT,-121.983310,50.660512,ac,69,JCT
597,69_BR1_GSS,-122.240038,50.729850,ac,69,GSS
598,69_WDN_GSS,-121.983310,50.660512,ac,69,GSS
599,69_TXL_JCT,-122.742995,50.910235,ac,69,JCT
600,69_LAJ_GSS,-122.855890,50.839720,ac,69,GSS
601,69_TXL_DSS,-122.742995,50.910235,ac,69,DSS
602,69_MUR_DSS,-123.101318,49.277984,ac,69,DSS
603,69_SPG_DSS,-123.152465,49.249670,ac,69,DSS
604,69_KI1_DSS,-123.116046,49.205311,ac,69,DSS
605,69_GDK_DSS,-123.154689,49.230630,ac,69,DSS
606,69_CCW_JCT,-121.313663,50.786925,ac,69,JCT
607,69_AFT_JCT,-121.282483,50.736544,ac,69,JCT
608,69_SBR_DSS,-121.326081,50.427831,ac,69,DSS
609,69_AFT_DSS,-121.282483,50.736544,ac,69,DSS
610,69_CCW_DSS,-121.313663,50.786925,ac,69,DSS
611,69_TII_JCT,-122.957292,49.186127,ac,69,JCT
612,69_ANN_JCT,-122.936335,49.174649,ac,69,JCT
613,69_AWT_JCT,-122.946738,49.166563,ac,69,JCT
614,69_ING_DSS,-122.873948,49.158898,ac,69,DSS
615,69_BBS_DSS,-122.992833,49.198719,ac,69,DSS
616,69_ANN_DSS,-122.936335,49.174649,ac,69,DSS
617,69_AWT_ISS,-122.946738,49.166563,ac,69,ISS
618,69_IPM_ISS,-122.933935,49.168651,ac,69,ISS
619,69_TII_DSS,-122.957292,49.186127,ac,69,DSS
620,69_WCF_JCT,-123.107187,49.206410,ac,69,JCT
621,69_WCF_ISS,-123.107187,49.206410,ac,69,ISS
622,69_SEA_DSS,-123.151418,49.187107,ac,69,DSS
623,69_YVR_ISS,-123.151899,49.186968,ac,69,ISS
624,69_NEL_DSS,-122.962930,49.217765,ac,69,DSS
625,69_KI2_DSS,-123.115357,49.198157,ac,69,DSS
626,69_BMP_JCT,-122.944692,49.247620,ac,69,JCT
627,69_LOH_JCT,-122.965483,49.260397,ac,69,JCT
628,69_HPN_DSS,-123.017942,49.266802,ac,69,DSS
629,69_BMP_DSS,-122.944692,49.247620,ac,69,DSS
630,69_LOH_DSS,-122.965483,49.260397,ac,69,DSS
631,69_RSR_ISS,-123.088096,49.200881,ac,69,ISS
632,69_LF1_ISS,-123.006735,49.158997,ac,69,ISS
633,69_SEA_JCT,-123.151418,49.187107,ac,69,JCT
634,69_RIM_DSS,-123.128787,49.163305,ac,69,DSS
635,69_SMW_JCT,-122.270083,49.031937,ac,69,JCT
636,69_ABB_DSS,-122.297780,49.067847,ac,69,DSS
637,69_TMO_JCT,-122.158993,49.064571,ac,69,JCT
638,69_ALZ_DSS,-122.009320,49.113555,ac,69,DSS
639,69_SMW_DSS,-122.270083,49.031937,ac,69,DSS
640,69_TMO_DSS,-122.158993,49.064571,ac,69,DSS
641,69_DGR_DSS,-123.125248,49.281490,ac,69,DSS
642,69_JME_GSS,-123.056820,50.828210,ac,69,GSS
643,69_UNY_DSS,-123.244711,49.261211,ac,69,DSS
644,69_CSN_DSS,-123.197669,49.249427,ac,69,DSS
645,69_UNS_JCT,-123.228581,49.246474,ac,69,JCT
646,69_UNS_DSS,-123.228581,49.246474,ac,69,DSS
647,69_TSW_JCT,-123.075030,49.036144,ac,69,JCT
648,69_DPT_JCT,-123.156648,49.021380,ac,69,JCT
649,69_ARN_DSS,-123.041678,49.092139,ac,69,DSS
650,69_DPT_DSS,-123.156648,49.021380,ac,69,DSS
651,69_TSW_DSS,-123.075030,49.036144,ac,69,DSS
652,69_WTL_ISS,-123.170164,49.019768,ac,69,ISS
653,69_CAN_JCT,-123.023479,49.134136,ac,69,JCT
654,69_TLB_JCT,-123.029437,49.139996,ac,69,JCT
655,69_LRP_JCT,-123.011861,49.143368,ac,69,JCT
656,69_LNH_JCT,-123.020825,49.142422,ac,69,JCT
657,69_BCI_ISS,-123.004397,49.143356,ac,69,ISS
658,69_CAN_ISS,-123.023479,49.134136,ac,69,ISS
659,69_LNH_ISS,-123.020825,49.142422,ac,69,ISS
660,69_LRP_ISS,-123.011861,49.143368,ac,69,ISS
661,69_TLB_ISS,-123.029437,49.139996,ac,69,ISS
662,69_WLT_DSS,-123.026066,49.310017,ac,69,DSS
663,69_NVR_DSS,-123.064610,49.309285,ac,69,DSS
664,69_LCS_JCT,-123.042114,49.305387,ac,69,JCT
665,69_SWP_JCT,-123.053666,49.306837,ac,69,JCT
666,69_LCS_ISS,-123.042114,49.305387,ac,69,ISS
667,69_SWP_ISS,-123.053666,49.306837,ac,69,ISS
668,69_JRI_JCT,-123.065636,49.305479,ac,69,JCT
669,69_NOR_DSS,-123.135265,49.319653,ac,69,DSS
670,69_VDK_JCT,-123.075953,49.309249,ac,69,JCT
671,69_JRI_DSS,-123.065636,49.305479,ac,69,DSS
672,69_VDK_ISS,-123.075953,49.309249,ac,69,ISS
673,69_VSY _ISS,-123.108461,49.313147,ac,69,ISS
674,69_CAP_DSS,-123.108164,49.334823,ac,69,DSS
675,69_HCT_JCT,-123.214265,49.346588,ac,69,JCT
676,69_CYP_DSS,-123.232133,49.356864,ac,69,DSS
677,69_JLN_DSS,-123.161090,49.327552,ac,69,DSS
678,69_HCT_DSS,-123.214265,49.346588,ac,69,DSS
679,69_CPS_JCT,-123.113381,49.360830,ac,69,JCT
680,69_GLR_DSS,-123.132969,49.360098,ac,69,DSS
681,69_CPS_DSS,-123.113381,49.360830,ac,69,DSS
682,69_SCP_JCT,-122.935990,49.201894,ac,69,JCT
683,69_RO2_DSS,-122.916322,49.201681,ac,69,DSS
684,69_SCP_ISS,-122.935990,49.201894,ac,69,ISS
685,69_CKY_DSS,-123.160951,49.790166,ac,69,DSS
686,69_MAM_JCT,-123.091894,49.721443,ac,69,JCT
687,69_UMH_JCT,-123.054632,49.717831,ac,69,JCT
688,69_SQH_DSS,-123.148577,49.702151,ac,69,DSS
689,69_BTA_JCT,-123.203108,49.621574,ac,69,JCT
690,69_FRC_JCT,-123.221119,49.587550,ac,69,JCT
691,69_FRI_JCT,-123.201977,49.579288,ac,69,JCT
692,69_LBY_JCT,-123.237851,49.453481,ac,69,JCT
693,69_HSB_DSS,-123.276891,49.364400,ac,69,DSS
694,69_PTO_JCT,-123.239815,49.545594,ac,69,JCT
695,69_BTA_DSS,-123.203108,49.621574,ac,69,DSS
696,69_FRC_DSS,-123.221119,49.587550,ac,69,DSS
697,69_FRI_GSS,-123.201977,49.579288,ac,69,GSS
698,69_LBY_DSS,-123.237851,49.453481,ac,69,DSS
699,69_PTO_DSS,-123.239815,49.545594,ac,69,DSS
700,69_MAM_GSS,-123.091894,49.721443,ac,69,GSS
701,69_SRY_JCT,-122.829507,49.104789,ac,69,JCT
702,69_WRK_DSS,-122.789773,49.030633,ac,69,DSS
703,69_SRY_DSS,-122.829507,49.104789,ac,69,DSS
704,69_NKL_JCT,-122.800159,49.060687,ac,69,JCT
705,69_NKL_DSS,-122.800159,49.060687,ac,69,DSS
706,69_CVN_ISS,-122.992116,49.291204,ac,69,ISS
707,69_UMH_GSS,-123.054632,49.717831,ac,69,GSS
708,69_SCT_JCT,-122.889169,49.182963,ac,69,JCT
709,69_HRD_JCT,-122.696895,49.174749,ac,69,JCT
710,69_PKL_JCT,-122.630288,49.176575,ac,69,JCT
711,69_HRD_DSS,-122.696895,49.174749,ac,69,DSS
712,69_SCT_DSS,-122.889169,49.182963,ac,69,DSS
713,69_PKP_JCT,-122.699771,49.177696,ac,69,JCT
714,69_PKP_DSS,-122.699771,49.177696,ac,69,DSS
715,69_KTG_DSS,-123.412041,48.566978,ac,69,DSS
716,69_SNY_DSS,-123.416640,48.628961,ac,69,DSS
717,69_NXC_JCT,-123.015030,49.300991,ac,69,JCT
718,69_DCV_DSS,-122.987189,49.313325,ac,69,DSS
719,69_ERW_JCT,-123.010649,49.300995,ac,69,JCT
720,69_ERW_ISS,-123.010649,49.300995,ac,69,ISS
721,69_NXC_ISS,-123.015030,49.300991,ac,69,ISS
722,69_WAH_JCT,-121.680665,49.236626,ac,69,JCT
723,69_CHK_DSS,-121.953179,49.167614,ac,69,DSS
724,69_KEN_JCT,-121.783499,49.247641,ac,69,JCT
725,69_WHP_JCT,-121.731284,49.194682,ac,69,JCT
726,69_WHP_DSS,-121.731284,49.194682,ac,69,DSS
727,69_HPS_JCT,-121.423884,49.373601,ac,69,JCT
728,69_HPS_DSS,-121.423884,49.373601,ac,69,DSS
729,69_CTN_GSS,-123.159893,49.877182,ac,69,GSS
730,69_PVO_DSS,-123.737845,48.823939,ac,69,DSS
731,69_LCW_DSS,-124.058483,48.821405,ac,69,DSS
732,69_M3C_JCT,-125.356863,49.234215,ac,69,JCT
733,69_CNK_JCT,-125.395572,49.176919,ac,69,JCT
734,69_GCL_DSS,-124.962048,49.317582,ac,69,DSS
735,69_DTR_JCT,-125.275698,49.296154,ac,69,JCT
736,69_TRR_JCT,-125.299872,49.295068,ac,69,JCT
737,69_HAS_JCT,-125.383670,49.247923,ac,69,JCT
738,69_LBH_DSS,-125.583442,48.996652,ac,69,DSS
739,69_SSH_JCT,-125.309211,49.287612,ac,69,JCT
740,69_CNK_GSS,-125.395572,49.176919,ac,69,GSS
741,69_DTR_GSS,-125.275698,49.296154,ac,69,GSS
742,69_HAS_GSS,-125.383670,49.247923,ac,69,GSS
743,69_M3C_GSS,-125.356863,49.234215,ac,69,GSS
744,69_SSH_GSS,-125.309211,49.287612,ac,69,GSS
745,69_TRR_DSS,-125.299872,49.295068,ac,69,DSS
746,69_WWD_JCT,-119.757512,50.476343,ac,69,JCT
747,69_MTE_DSS,-119.836293,50.523678,ac,69,DSS
748,69_VNT_TSS,-119.228870,50.251765,ac,69,TSS
749,69_WWD_DSS,-119.757512,50.476343,ac,69,DSS
750,69_SAM_DSS,-119.251648,50.691570,ac,69,DSS
751,69_FCO_JCT,-119.209224,50.759341,ac,69,JCT
752,69_SCM_DSS,-118.973479,50.844224,ac,69,DSS
753,69_FCO_ISS,-119.209224,50.759341,ac,69,ISS
754,69_NDR_JCT,-117.369746,49.997444,ac,69,JCT
755,69_NDR_DSS,-117.369746,49.997444,ac,69,DSS
756,69_MON_DSS,-118.147711,49.920452,ac,69,DSS
757,69_NAK_DSS,-117.795818,50.238006,ac,69,DSS
758,69_ILL_DSS,-118.204474,50.985679,ac,69,DSS
759,69_WHN_GSS,-118.060010,50.813937,ac,69,GSS
760,69_SCB_JCT,-118.104136,50.771577,ac,69,JCT
761,69_PIN_GSS,-118.104136,50.771577,ac,69,GSS
762,69_SCB_GSS,-118.104136,50.771577,ac,69,GSS
763,69_MCA_GSS,-118.570515,52.075872,ac,69,GSS
764,69_MCK_JCT,-118.532183,51.647648,ac,69,JCT
765,69_GSM_ISS,-118.429719,51.632022,ac,69,ISS
766,69_MCK_DSS,-118.532183,51.647648,ac,69,DSS
767,69_FMT_JCT,-115.870665,50.319336,ac,69,JCT
768,69_ATH_JCT,-116.000826,50.515057,ac,69,JCT
769,69_CRC_JCT,-115.804012,50.154683,ac,69,JCT
770,69_CNL_JCT,-115.823022,50.150241,ac,69,JCT
771,69_SKU_JCT,-115.738832,49.903614,ac,69,JCT
772,69_INV_DSS,-116.117825,50.495098,ac,69,DSS
773,69_KBY_DSS,-115.961183,49.663775,ac,69,DSS
774,69_ATH_DSS,-116.000826,50.515057,ac,69,DSS
775,69_CNL_DSS,-115.823022,50.150241,ac,69,DSS
776,69_CRC_DSS,-115.804012,50.154683,ac,69,DSS
777,69_SKU_DSS,-115.738832,49.903614,ac,69,DSS
778,69_CRS_DSS,-115.758056,49.527819,ac,69,DSS
779,69_FMT_DSS,-115.870665,50.319336,ac,69,DSS
780,69_PSN_JCT,-116.630252,51.069701,ac,69,JCT
781,69_GDN_DSS,-116.961008,51.292769,ac,69,DSS
782,69_SPN_JCT,-116.408943,50.903362,ac,69,JCT
783,69_RDM_JCT,-116.074036,50.630019,ac,69,JCT
784,69_PSN_DSS,-116.630252,51.069701,ac,69,DSS
785,69_RDM_DSS,-116.074036,50.630019,ac,69,DSS
786,69_SPN_GSS,-116.408943,50.903362,ac,69,GSS
787,69_KHS_DSS,-116.994352,51.281768,ac,69,DSS
788,69_SPD_JCT,-114.892675,49.709074,ac,69,JCT
789,69_NTL_DSS,-114.858257,49.735535,ac,69,DSS
790,69_FNE_DSS,-115.059198,49.502452,ac,69,DSS
791,69_SPD_DSS,-114.892675,49.709074,ac,69,DSS
792,69_CBK_DSS,-115.580487,49.500543,ac,69,DSS
793,69_FST_JCT,-115.683175,49.592517,ac,69,JCT
794,69_MVL_JCT,-115.928602,49.639709,ac,69,JCT
795,69_FST_DSS,-115.683175,49.592517,ac,69,DSS
796,69_MVL_DSS,-115.928602,49.639709,ac,69,DSS
797,69_MYE_JCT,-115.830735,49.284974,ac,69,JCT
798,69_MYE_DSS,-115.830735,49.284974,ac,69,DSS
799,69_ELK_GSS,-115.104613,49.290067,ac,69,GSS
800,69_CFE_DSS,-115.101008,49.272448,ac,69,DSS
801,69_EV1_ISS,-114.853160,49.731720,ac,69,ISS
802,69_WAR_DSS,-115.361676,49.493403,ac,69,DSS
803,69_ABN_GSS,-115.362424,49.493319,ac,69,GSS
804,69_BRM_JCT,-115.376977,49.501304,ac,69,JCT
805,69_BRM_ISS,-115.376977,49.501304,ac,69,ISS
806,69_WIN_DSS,-115.128316,49.305833,ac,69,DSS
807,69_CMO_JCT,-114.655983,49.513085,ac,69,JCT
808,69_CNT_JCT,-114.718135,49.648113,ac,69,JCT
809,69_CRW_GSS,-114.715814,49.648758,ac,69,GSS
810,69_CMO_DSS,-114.655983,49.513085,ac,69,DSS
811,69_CNT_ISS,-114.718135,49.648113,ac,69,ISS
812,69_WIN_JCT,-115.128316,49.305833,ac,69,JCT
813,69_SPL_JCT,-115.748350,49.506975,ac,69,JCT
814,69_JOE_DSS,-115.755210,49.536638,ac,69,DSS
815,69_SPL_DSS,-115.748350,49.506975,ac,69,DSS
816,69_WQL_JCT,-122.482645,52.945928,ac,69,JCT
817,69_BLW_DSS,-122.429605,53.020438,ac,69,DSS
818,69_MGT_JCT,-122.428236,52.500932,ac,69,JCT
819,69_GBW_JCT,-122.425231,52.505779,ac,69,JCT
820,69_MTP_JCT,-121.633042,52.544315,ac,69,JCT
821,69_SCK_DSS,-122.215540,52.305565,ac,69,DSS
822,69_GBW_ISS,-122.425231,52.505779,ac,69,ISS
823,69_GVL_JCT,-121.805863,52.485800,ac,69,JCT
824,69_GVL_DSS,-121.805863,52.485800,ac,69,DSS
825,69_MGT_DSS,-122.428236,52.500932,ac,69,DSS
826,69_MTP_DSS,-121.633042,52.544315,ac,69,DSS
827,69_WQL_ISS,-122.482645,52.945928,ac,69,ISS
828,69_SMH_JCT,-121.396316,51.300124,ac,69,JCT
829,69_AWL_JCT,-121.330575,51.653894,ac,69,JCT
830,69_CLN_JCT,-121.589458,51.081082,ac,69,JCT
831,69_HMH_DSS,-121.284830,51.657461,ac,69,DSS
832,69_AWL_DSS,-121.330575,51.653894,ac,69,DSS
833,69_CLN_DSS,-121.589458,51.081082,ac,69,DSS
834,69_SMH_DSS,-121.396316,51.300124,ac,69,DSS
835,69_TWT_JCT,-122.171883,52.165132,ac,69,JCT
836,69_WWL_JCT,-122.183612,52.159790,ac,69,JCT
837,69_LGW_JCT,-122.180765,52.158094,ac,69,JCT
838,69_WLM_DSS,-122.138549,52.133474,ac,69,DSS
839,69_LGW_DSS,-122.180765,52.158094,ac,69,DSS
840,69_TWT_DSS,-122.171883,52.165132,ac,69,DSS
841,69_WWL_ISS,-122.183612,52.159790,ac,69,ISS
842,69_WPN_JCT,-122.518103,53.012845,ac,69,JCT
843,69_QNL_DSS,-122.502269,52.994988,ac,69,DSS
844,69_CBP_JCT,-122.485266,52.997039,ac,69,JCT
845,69_CBP_GSS,-122.485266,52.997039,ac,69,GSS
846,69_WPN_DSS,-122.518103,53.012845,ac,69,DSS
847,69_WFQ_JCT,-122.501328,52.996090,ac,69,JCT
848,69_BLW_JCT,-122.429605,53.020438,ac,69,JCT
849,69_WFQ_ISS,-122.501328,52.996090,ac,69,ISS
850,69_NWE_ISS,-122.171427,52.161263,ac,69,ISS
851,69_GBC_JCT,-122.285892,52.531651,ac,69,JCT
852,69_GBR_ISS,-122.282388,52.530204,ac,69,ISS
853,69_GBC_DSS,-122.285892,52.531651,ac,69,DSS
854,69_WSN_DSS,-122.608969,53.850230,ac,69,DSS
855,69_BVY_DSS,-122.834751,53.843389,ac,69,DSS
856,69_TAC_JCT,-124.072755,54.000696,ac,69,JCT
857,69_NLV_JCT,-124.055830,54.013786,ac,69,JCT
858,69_PLT_JCT,-124.334533,54.024493,ac,69,JCT
859,69_VDF_JCT,-124.015138,54.008304,ac,69,JCT
860,69_NLV_DSS,-124.055830,54.013786,ac,69,DSS
861,69_PLT_ISS,-124.334533,54.024493,ac,69,ISS
862,69_TAC_DSS,-124.072755,54.000696,ac,69,DSS
863,69_VDF_DSS,-124.015138,54.008304,ac,69,DSS
864,69_PVW_DSS,-122.695247,53.845286,ac,69,DSS
865,69_PCA_DSS,-122.765299,53.905007,ac,69,DSS
866,69_PVW_JCT,-122.695247,53.845286,ac,69,JCT
867,69_NOS_JCT,-122.741112,53.849591,ac,69,JCT
868,69_NOS_ISS,-122.741112,53.849591,ac,69,ISS
869,69_BCM_JCT,-122.693177,53.925347,ac,69,JCT
870,69_FMC_JCT,-122.708602,53.926929,ac,69,JCT
871,69_CRD_DSS,-122.693514,53.926974,ac,69,DSS
872,69_BCM_ISS,-122.693177,53.925347,ac,69,ISS
873,69_FMC_ISS,-122.708602,53.926929,ac,69,ISS
874,69_CNG_JCT,-122.367079,54.072382,ac,69,JCT
875,69_UFR_DSS,-121.945287,54.118021,ac,69,DSS
876,69_CNG_ISS,-122.367079,54.072382,ac,69,ISS
877,69_HCR_JCT,-122.687802,53.922923,ac,69,JCT
878,69_HCR_ISS,-122.687802,53.922923,ac,69,ISS
879,69_DKY_JCT,-122.472490,53.276287,ac,69,JCT
880,69_PMB_JCT,-122.525688,53.302659,ac,69,JCT
881,69_CLB_JCT,-122.492581,53.283168,ac,69,JCT
882,69_CLB_DSS,-122.492581,53.283168,ac,69,DSS
883,69_DKY_ISS,-122.472490,53.276287,ac,69,ISS
884,69_PMB_ISS,-122.525688,53.302659,ac,69,ISS
885,69_NWP_ISS,-122.695976,53.980168,ac,69,ISS
886,69_FSS_JCT,-124.748749,54.065007,ac,69,JCT
887,69_GLN_DSS,-125.015718,54.074358,ac,69,DSS
888,69_FSR_JCT,-124.850056,54.054362,ac,69,JCT
889,69_FSR_DSS,-124.850056,54.054362,ac,69,DSS
890,69_FSS_ISS,-124.748749,54.065007,ac,69,ISS
891,69_FM2_DSS,-124.250341,54.449952,ac,69,DSS
892,69_EKO_DSS,-125.010863,54.072393,ac,69,DSS
893,69_FHS_JCT,-122.812485,53.907004,ac,69,JCT
894,69_CHF_DSS,-122.814317,54.008988,ac,69,DSS
895,69_FHS_DSS,-122.812485,53.907004,ac,69,DSS
896,69_PCA_JCT,-122.765299,53.905007,ac,69,JCT
897,69_IPR_JCT,-123.271878,53.865139,ac,69,JCT
898,69_IPR_DSS,-123.271878,53.865139,ac,69,DSS
899,69_AFP_JCT,-124.201793,54.490913,ac,69,JCT
900,69_AFP_ISS,-124.201793,54.490913,ac,69,ISS
901,69_FGE_GSS,-124.215275,54.489317,ac,69,GSS
902,69_TFP_DSS,-124.165837,54.469018,ac,69,DSS
903,69_TSC_DSS,-128.605641,54.513674,ac,69,DSS
904,69_KAL_DSS,-128.616892,54.519438,ac,69,DSS
905,69_SKA_DSS,-128.632826,54.452280,ac,69,DSS
906,69_TER_DSS,-128.558185,54.510853,ac,69,DSS
907,69_DSQ_GSS,-128.914853,54.383481,ac,69,GSS
908,69_GRR_JCT,-129.975564,54.206333,ac,69,JCT
909,69_BRL_JCT,-129.834478,54.040073,ac,69,JCT
910,69_RUP_DSS,-130.231685,54.256795,ac,69,DSS
911,69_DIL_JCT,-130.078231,54.229453,ac,69,JCT
912,69_FLS_GSS,-129.734244,53.983531,ac,69,GSS
913,69_BRL_GSS,-129.834478,54.040073,ac,69,GSS
914,69_DIL_DSS,-130.078231,54.229453,ac,69,DSS
915,69_GRR_DSS,-129.975564,54.206333,ac,69,DSS
916,69_PRT_JCT,-130.355349,54.286394,ac,69,JCT
917,69_OFD_DSS,-130.307492,54.309639,ac,69,DSS
918,69_PRT_ISS,-130.355349,54.286394,ac,69,ISS
919,69_PED_JCT,-130.293083,54.228714,ac,69,JCT
920,69_SKL_JCT,-130.294861,54.239494,ac,69,JCT
921,69_PRG_JCT,-130.328839,54.234690,ac,69,JCT
922,69_RTI_ISS,-130.325334,54.224518,ac,69,ISS
923,69_PED_DSS,-130.293083,54.228714,ac,69,DSS
924,69_PRG_ISS,-130.328839,54.234690,ac,69,ISS
925,69_SKL_ISS,-130.294861,54.239494,ac,69,ISS
926,69_RPG_GSS,-130.294424,54.314334,ac,69,GSS
927,138_ELL_DSS,-119.387163,49.962668,ac,138,DSS
928,63_BEN_TSS,-119.530109,49.189206,ac,63,TSS
929,63_NKM_DSS,-119.425832,49.039218,ac,63,DSS
930,230_WHS_TSS,-117.613121,49.006754,ac,230,TSS
931,230_LEE_TSS,-119.347162,49.906798,ac,230,TSS
932,230_DGB_TSS,-119.446811,49.812052,ac,230,TSS
933,230_RGA_TSS,-119.552286,49.480074,ac,230,TSS
934,230_WTS_TSS,-117.739732,49.105169,ac,230,TSS
935,230_BTS_TSS,-117.612786,49.321964,ac,230,TSS
936,63_BRD_GSS,-117.620653,49.324880,ac,63,GSS
937,63_BTS_TSS,-117.612786,49.321964,ac,63,TSS
938,230_ALH_GSS,-117.768849,49.343024,ac,230,GSS
939,230_BRX_GSS,-117.619793,49.323118,ac,230,GSS
